Brand,Comments,Likes_and_timestamp,Source,Search Term
YSL,Hey pjng up here ğŸ’–ğŸ’–ğŸ’–ğŸ’–,0 likes on 2024-03-06T18:56:35.000Z,Instagram,YSL
YSL,Wow,0 likes on 2024-03-06T18:56:38.000Z,Instagram,YSL
YSL,ğŸ”¥ğŸ”¥,0 likes on 2024-03-06T19:00:14.000Z,Instagram,YSL
YSL,ğŸ‘,0 likes on 2024-03-06T19:04:19.000Z,Instagram,YSL
YSL,Utopia ğŸŒº,0 likes on 2024-03-06T19:46:15.000Z,Instagram,YSL
YSL,alloyâš¡,0 likes on 2024-03-06T19:47:29.000Z,Instagram,YSL
YSL,ğŸ˜—tribal,0 likes on 2024-03-06T19:47:29.000Z,Instagram,YSL
YSL,Highly-coveted? Not with Anthony at the helm- his looks are dull and tired and represent a small fraction of what the original house was all about.,0 likes on 2024-03-06T20:01:48.000Z,Instagram,YSL
YSL,ğŸ˜ğŸ˜,1 likes on 2024-03-06T20:25:14.000Z,Instagram,YSL
YSL,Me encantan hombres con mÃ¡s carne ğŸ–,0 likes on 2024-03-06T20:45:46.000Z,Instagram,YSL
YSL,ğŸ™Œ,0 likes on 2024-03-06T21:23:13.000Z,Instagram,YSL
YSL,"I'll stick with actual classics. Armani, Lauren, Cuccinelli and Piana. This is just crap you won't be wearing in a year.",0 likes on 2024-03-06T23:08:05.000Z,Instagram,YSL
YSL,Devoured as always,0 likes on 2024-03-06T23:16:26.000Z,Instagram,YSL
YSL,A 1920's slant on those suits.Nothing new under the sun ğŸŒ,0 likes on 2024-03-06T23:19:08.000Z,Instagram,YSL
YSL,Itâ€™s just Gucci in the  Tom Ford days. Why are we celebrating?,0 likes on 2024-03-06T23:54:57.000Z,Instagram,YSL
YSL,YVES REINCARNATED ğŸ˜³,0 likes on 2024-03-07T04:34:09.000Z,Instagram,YSL
YSL,Mens fashion is fine. Most womens fashions are total train wrecks.,2 likes on 2024-03-07T06:02:16.000Z,Instagram,YSL
YSL,ğŸ‘ğŸ”¥,0 likes on 2024-03-07T08:27:30.000Z,Instagram,YSL
YSL,Wow,1 likes on 2024-03-07T10:14:59.000Z,Instagram,YSL
YSL,ğŸ’–ğŸ’–ğŸ’–ğŸ’–ğŸ’–,0 likes on 2024-03-07T12:35:48.000Z,Instagram,YSL
YSL,Wow ğŸ”¥ğŸ”¥ğŸ”¥,0 likes on 2024-03-09T11:08:53.000Z,Instagram,YSL
YSL,Le 5 / 10 ce garÃ§on est magnifique,0 likes on 2024-03-09T15:34:46.000Z,Instagram,YSL
YSL,ğŸ‘ğŸ™Œ,0 likes on 2024-03-09T23:45:43.000Z,Instagram,YSL
YSL,â¤ï¸ check out my Instagram @blondebella09,0 likes on 2024-03-10T04:33:17.000Z,Instagram,YSL
YSL,PERFECT,0 likes on 2024-03-13T19:42:57.000Z,Instagram,YSL
Balenciaga,PPğŸ”¥,0 likes on 2024-03-05T09:09:08.000Z,Instagram,Balenciaga
Balenciaga,Peedoz,0 likes on 2024-03-05T09:33:12.000Z,Instagram,Balenciaga
Balenciaga,PP krit Balenciaga ambassador ğŸ”¥ğŸ”¥,0 likes on 2024-03-05T09:40:50.000Z,Instagram,Balenciaga
Balenciaga,"Daje, Nun se po' vede",0 likes on 2024-03-05T09:44:47.000Z,Instagram,Balenciaga
Balenciaga,"So, has showing nipples become a fashion now?",0 likes on 2024-03-05T10:19:31.000Z,Instagram,Balenciaga
Balenciaga,Quelle horreur!,0 likes on 2024-03-05T10:30:50.000Z,Instagram,Balenciaga
Balenciaga,ğŸ˜‚ I though the kardashian bird forgot to cut the tags off ğŸ˜‚ I must be out of touch with fashion,0 likes on 2024-03-05T11:00:27.000Z,Instagram,Balenciaga
Balenciaga,PP Krit â¤ï¸,0 likes on 2024-03-05T11:26:42.000Z,Instagram,Balenciaga
Balenciaga,We donâ€™t do Balenciaga no more keep up,0 likes on 2024-03-05T11:30:03.000Z,Instagram,Balenciaga
Balenciaga,@ashleyegood honestly tho,0 likes on 2024-03-05T12:08:28.000Z,Instagram,Balenciaga
Balenciaga,ğŸ¤¢,0 likes on 2024-03-05T12:23:05.000Z,Instagram,Balenciaga
Balenciaga,,0 likes on 2024-03-05T13:11:15.000Z,Instagram,Balenciaga
Balenciaga,Booo ğŸ‘ğŸ½,0 likes on 2024-03-05T13:54:25.000Z,Instagram,Balenciaga
Balenciaga,Hey girl hey. Youâ€™re wearing the same dress as yesterday. Being a friend,0 likes on 2024-03-05T13:55:12.000Z,Instagram,Balenciaga
Balenciaga,"Feo, ni todo junto sale algo",0 likes on 2024-03-05T14:03:20.000Z,Instagram,Balenciaga
Balenciaga,This is just bad fashion like what is with the sweatpants for a luxury brand,0 likes on 2024-03-05T14:05:08.000Z,Instagram,Balenciaga
Balenciaga,ğŸ”¥ğŸ”¥PP,0 likes on 2024-03-05T14:11:15.000Z,Instagram,Balenciaga
Balenciaga,"Omg, ğŸ˜¢ very very bad",0 likes on 2024-03-05T14:17:38.000Z,Instagram,Balenciaga
Balenciaga,PP Krit should be fashion icon as he present @balenciaga brand identity very well.ğŸ˜ğŸ˜,0 likes on 2024-03-05T17:27:37.000Z,Instagram,Balenciaga
Balenciaga,pp kritâ¤ï¸ğŸ”¥ğŸ”¥,0 likes on 2024-03-05T17:52:00.000Z,Instagram,Balenciaga
Balenciaga,PP KRIT looks incredible on red â¤ï¸,0 likes on 2024-03-05T18:32:14.000Z,Instagram,Balenciaga
Balenciaga,I mean fashion should be a little ugly but good lord this is sooooo bad. Also if folks want this look they can go to thrift and do an easy upcycle.,0 likes on 2024-03-05T19:11:14.000Z,Instagram,Balenciaga
Balenciaga,#BalenciagaWinter24xPPKRIT  PPKRIT AT BALENCIAGA PFW24 #BalenciagaWinter24 PP Krit #ppkritt #à¸à¸µà¸à¸µà¸à¸¤à¸©à¸à¹Œ  @pp.kritt @balenciaga â¤â¤,0 likes on 2024-03-05T20:05:04.000Z,Instagram,Balenciaga
Balenciaga,"If that's what you call fashion, you can keep it! What a mess. What's happened to class ? ğŸ˜•",0 likes on 2024-03-05T20:27:25.000Z,Instagram,Balenciaga
Balenciaga,à¸à¸µà¸à¸µ ğŸ”¥ğŸ”¥ #BalenciagaWinter24xPPKRIT  PPKRIT AT BALENCIAGA PFW24 #BalenciagaWinter24 PP Krit #ppkritt #à¸à¸µà¸à¸µà¸à¸¤à¸©à¸à¹Œ  @pp.kritt @balenciaga,0 likes on 2024-03-05T20:44:19.000Z,Instagram,Balenciaga
Balenciaga,#BalenciagaWinter24xPPKRIT  PPKRIT AT BALENCIAGA PFW24 #BalenciagaWinter24,0 likes on 2024-03-05T20:44:22.000Z,Instagram,Balenciaga
Balenciaga,"While what they did was obscene, Coco Chanelâ€™s fashion house is thriving and highly esteemed even though she was a known nazi supporter. If weâ€™re calling out immoral behavior, we need to call them ALL out!",0 likes on 2024-03-05T21:19:11.000Z,Instagram,Balenciaga
Balenciaga,"Sorry, but since Balenciaga aligns themselves with trash, Iâ€™ll pass.",0 likes on 2024-03-05T23:44:33.000Z,Instagram,Balenciaga
Balenciaga,down with balenciaga,0 likes on 2024-03-05T23:49:26.000Z,Instagram,Balenciaga
Balenciaga,P3do brand,0 likes on 2024-03-06T01:53:59.000Z,Instagram,Balenciaga
Balenciaga,What has happened to fashion?!!!!!! Terrible.,0 likes on 2024-03-06T02:08:08.000Z,Instagram,Balenciaga
Balenciaga,No one wants balenciagaâ€¼ï¸â€¼ï¸ boooooo,0 likes on 2024-03-06T03:54:05.000Z,Instagram,Balenciaga
Balenciaga,luxury??? hmm,0 likes on 2024-03-06T07:51:33.000Z,Instagram,Balenciaga
Balenciaga,Revolting ğŸ¤¢,0 likes on 2024-03-06T09:26:46.000Z,Instagram,Balenciaga
Balenciaga,A falling paradigm.,0 likes on 2024-03-06T22:24:41.000Z,Instagram,Balenciaga
Balenciaga,PP kritğŸ”¥â¤,0 likes on 2024-03-07T01:59:32.000Z,Instagram,Balenciaga
Balenciaga,Fashion is HILARIOUS,0 likes on 2024-03-07T03:00:12.000Z,Instagram,Balenciaga
Balenciaga,Make her go away please!!!,0 likes on 2024-03-07T06:23:59.000Z,Instagram,Balenciaga
Balenciaga,Didn't  Balenciaga have like cp issues? And....whys Kim supportive of it? Weird,0 likes on 2024-03-07T07:24:26.000Z,Instagram,Balenciaga
Balenciaga,This brand should be cancelled for real !,0 likes on 2024-03-07T08:15:07.000Z,Instagram,Balenciaga
Balenciaga,SionisteğŸ¤¢ğŸ¤¢ğŸ¤¢ğŸ¤¢,0 likes on 2024-03-07T12:34:11.000Z,Instagram,Balenciaga
Balenciaga,â¤ï¸â¤ï¸â¤ï¸â¤ï¸,0 likes on 2024-03-07T14:03:29.000Z,Instagram,Balenciaga
Balenciaga,perfetto per ricconi senza un briciolo di eleganza e buon gusto,0 likes on 2024-03-07T14:17:52.000Z,Instagram,Balenciaga
Balenciaga,Shes been looking really witchy lately..looks good but just gives off dark to me fir some reason,0 likes on 2024-03-07T18:26:46.000Z,Instagram,Balenciaga
Balenciaga,Fine per favore ğŸ˜‚,0 likes on 2024-03-07T21:52:40.000Z,Instagram,Balenciaga
Balenciaga,HIDEOUS every single one,0 likes on 2024-03-07T23:01:17.000Z,Instagram,Balenciaga
Balenciaga,#ppkritt @ppkritt,0 likes on 2024-03-09T09:07:54.000Z,Instagram,Balenciaga
Balenciaga,Can we not with brands that have paraphilia photoshoots?!,0 likes on 2024-03-09T23:01:19.000Z,Instagram,Balenciaga
Balenciaga,Hey I really like your content i similar stuff on my account and follow mye if you like my account,0 likes on 2024-03-22T02:22:42.000Z,Instagram,Balenciaga
"Dior, Versace, Zimmerman",Oh yass. One of my favourite print,0 likes on 2024-03-08T07:03:34.000Z,Instagram,"Dior, Versace, Zimmerman"
"Dior, Versace, Zimmerman",Someone call Nana,1 likes on 2024-03-08T07:13:28.000Z,Instagram,"Dior, Versace, Zimmerman"
"Dior, Versace, Zimmerman",@anstepmurni lagi trend â¤ğŸ”¥,1 likes on 2024-03-08T08:45:32.000Z,Instagram,"Dior, Versace, Zimmerman"
"Dior, Versace, Zimmerman",Dior ğŸ–¤,1 likes on 2024-03-08T08:52:02.000Z,Instagram,"Dior, Versace, Zimmerman"
"Dior, Versace, Zimmerman",I knew this  was gonna strike.ğŸ”¥ğŸ”¥,0 likes on 2024-03-08T09:06:30.000Z,Instagram,"Dior, Versace, Zimmerman"
"Dior, Versace, Zimmerman",Wish theyâ€™d come up with something fresh,21 likes on 2024-03-08T09:21:55.000Z,Instagram,"Dior, Versace, Zimmerman"
"Dior, Versace, Zimmerman",ğŸ”¥ğŸ”¥ğŸ”¥ğŸ”¥ğŸ”¥ğŸ”¥,1 likes on 2024-03-08T09:35:16.000Z,Instagram,"Dior, Versace, Zimmerman"
"Dior, Versace, Zimmerman",Dior got this down,1 likes on 2024-03-08T10:26:44.000Z,Instagram,"Dior, Versace, Zimmerman"
"Dior, Versace, Zimmerman",@_.pcarolina._,0 likes on 2024-03-08T10:34:16.000Z,Instagram,"Dior, Versace, Zimmerman"
"Dior, Versace, Zimmerman",@beth.simm_,1 likes on 2024-03-08T11:25:33.000Z,Instagram,"Dior, Versace, Zimmerman"
"Dior, Versace, Zimmerman",@itsjessc813 YES! ğŸ™Œ,0 likes on 2024-03-08T11:31:18.000Z,Instagram,"Dior, Versace, Zimmerman"
"Dior, Versace, Zimmerman",@ophelie_gf,1 likes on 2024-03-08T11:56:28.000Z,Instagram,"Dior, Versace, Zimmerman"
"Dior, Versace, Zimmerman",Ğ¾Ğ¿ÑÑ‚ÑŒ,1 likes on 2024-03-08T12:02:15.000Z,Instagram,"Dior, Versace, Zimmerman"
"Dior, Versace, Zimmerman",Leopard print is a neutral ğŸ†,1 likes on 2024-03-08T12:36:02.000Z,Instagram,"Dior, Versace, Zimmerman"
"Dior, Versace, Zimmerman",NJ is really having quite the year: mob wife + leopard print now fashionable ğŸ˜‚,1 likes on 2024-03-08T12:51:01.000Z,Instagram,"Dior, Versace, Zimmerman"
"Dior, Versace, Zimmerman",Isabelle marant,1 likes on 2024-03-08T13:24:16.000Z,Instagram,"Dior, Versace, Zimmerman"
"Dior, Versace, Zimmerman",@mailasaccenti,1 likes on 2024-03-08T13:57:03.000Z,Instagram,"Dior, Versace, Zimmerman"
"Dior, Versace, Zimmerman",Versace,0 likes on 2024-03-08T14:34:36.000Z,Instagram,"Dior, Versace, Zimmerman"
"Dior, Versace, Zimmerman",The OLDEST look ever,1 likes on 2024-03-08T16:24:01.000Z,Instagram,"Dior, Versace, Zimmerman"
"Dior, Versace, Zimmerman",Animal prints are the worst and men hate them on women,1 likes on 2024-03-08T16:29:40.000Z,Instagram,"Dior, Versace, Zimmerman"
"Dior, Versace, Zimmerman",Mob wife vibes are vibinğŸ”¥,1 likes on 2024-03-08T21:42:05.000Z,Instagram,"Dior, Versace, Zimmerman"
"Dior, Versace, Zimmerman",ğŸ‘ğŸ‘ğŸ™Œâ¤ï¸,1 likes on 2024-03-09T01:39:49.000Z,Instagram,"Dior, Versace, Zimmerman"
"Dior, Versace, Zimmerman",the frolov dressğŸ˜ğŸ˜ğŸ˜,1 likes on 2024-03-09T04:46:17.000Z,Instagram,"Dior, Versace, Zimmerman"
"Dior, Versace, Zimmerman",No matter how you canâ€™t just make leopard or cheetah prints look luxury ğŸ˜­ itâ€™s always tacky,1 likes on 2024-03-09T04:55:07.000Z,Instagram,"Dior, Versace, Zimmerman"
"Dior, Versace, Zimmerman",ğŸ˜â¤ï¸Love this,0 likes on 2024-03-09T06:10:44.000Z,Instagram,"Dior, Versace, Zimmerman"
"Dior, Versace, Zimmerman",ğŸ˜,0 likes on 2024-03-09T08:27:46.000Z,Instagram,"Dior, Versace, Zimmerman"
"Dior, Versace, Zimmerman",I love animal print â¤ğŸ”¥,0 likes on 2024-03-09T08:50:58.000Z,Instagram,"Dior, Versace, Zimmerman"
"Dior, Versace, Zimmerman",@muskanmalhotra shut up ğŸ’€,3 likes on 2024-03-09T09:45:11.000Z,Instagram,"Dior, Versace, Zimmerman"
"Dior, Versace, Zimmerman",Frolov ğŸ˜ğŸ˜ğŸ˜,0 likes on 2024-03-09T09:46:32.000Z,Instagram,"Dior, Versace, Zimmerman"
"Dior, Versace, Zimmerman",Dolce& Gabbana,0 likes on 2024-03-09T11:48:56.000Z,Instagram,"Dior, Versace, Zimmerman"
"Dior, Versace, Zimmerman",A trend that never went away lol.,0 likes on 2024-03-09T13:41:41.000Z,Instagram,"Dior, Versace, Zimmerman"
"Dior, Versace, Zimmerman",Diesel too,0 likes on 2024-03-09T14:23:59.000Z,Instagram,"Dior, Versace, Zimmerman"
"Dior, Versace, Zimmerman",follow our account and view the dresses we have designed and buy if you like them.,0 likes on 2024-03-09T15:00:48.000Z,Instagram,"Dior, Versace, Zimmerman"
"Dior, Versace, Zimmerman",â¤ï¸â¤ï¸â¤ï¸,0 likes on 2024-03-09T15:02:21.000Z,Instagram,"Dior, Versace, Zimmerman"
"Dior, Versace, Zimmerman",Quando non sanno cosa fare ...ecco che spinta l'animalier. L'anno prossimo il camouflage mi raccomando,0 likes on 2024-03-09T19:23:26.000Z,Instagram,"Dior, Versace, Zimmerman"
"Dior, Versace, Zimmerman",@helenahorta_ pra vocÃª ğŸ«¶ğŸ¼,1 likes on 2024-03-09T22:20:28.000Z,Instagram,"Dior, Versace, Zimmerman"
"Dior, Versace, Zimmerman",@carolinaadavid prefiro morrer,0 likes on 2024-03-09T22:20:51.000Z,Instagram,"Dior, Versace, Zimmerman"
"Dior, Versace, Zimmerman",NOTHING ORIGINAL,1 likes on 2024-03-09T22:55:56.000Z,Instagram,"Dior, Versace, Zimmerman"
"Dior, Versace, Zimmerman",i'm so here for it,2 likes on 2024-03-10T01:08:49.000Z,Instagram,"Dior, Versace, Zimmerman"
"Dior, Versace, Zimmerman",@shaniatwain itâ€™s your time to shineeee ğŸ†â¤ï¸,2 likes on 2024-03-10T01:47:05.000Z,Instagram,"Dior, Versace, Zimmerman"
"Dior, Versace, Zimmerman",hell no,1 likes on 2024-03-10T04:54:52.000Z,Instagram,"Dior, Versace, Zimmerman"
"Dior, Versace, Zimmerman",Love me some leopard print designs  such as Roberto cavalli,1 likes on 2024-03-10T14:03:42.000Z,Instagram,"Dior, Versace, Zimmerman"
"Dior, Versace, Zimmerman",ğŸ”¥ğŸ”¥,0 likes on 2024-03-11T15:45:05.000Z,Instagram,"Dior, Versace, Zimmerman"
"Dior, Versace, Zimmerman",ğŸ˜,0 likes on 2024-03-11T15:45:07.000Z,Instagram,"Dior, Versace, Zimmerman"
"Dior, Versace, Zimmerman",ğŸ˜ğŸ˜,0 likes on 2024-03-11T15:45:07.000Z,Instagram,"Dior, Versace, Zimmerman"
"Dior, Versace, Zimmerman",ğŸ˜,0 likes on 2024-03-11T15:45:09.000Z,Instagram,"Dior, Versace, Zimmerman"
"Dior, Versace, Zimmerman",@velvedorestyle,1 likes on 2024-03-12T18:42:12.000Z,Instagram,"Dior, Versace, Zimmerman"
"Dior, Versace, Zimmerman","Flashbacks, and not the good ones",1 likes on 2024-03-12T18:46:31.000Z,Instagram,"Dior, Versace, Zimmerman"
Yeezy,,1 likes on 2024-02-26T19:04:07.000Z,Instagram,Yeezy
Yeezy,Bro is at the Ritz cryingğŸ˜‚. Free my favorite artist.,19 likes on 2024-02-26T19:05:51.000Z,Instagram,Yeezy
Yeezy,Boycott @adidas,5 likes on 2024-02-26T19:06:45.000Z,Instagram,Yeezy
Yeezy,Fake ? ğŸ˜‚ğŸ˜‚,1 likes on 2024-02-26T19:09:20.000Z,Instagram,Yeezy
Yeezy,FEESY AHAHAHHAHAH,2 likes on 2024-02-26T19:13:46.000Z,Instagram,Yeezy
Yeezy,ğŸ˜¢ Feezy,1 likes on 2024-02-26T19:15:22.000Z,Instagram,Yeezy
Yeezy,Boycott mf Adidas.,0 likes on 2024-02-26T19:15:48.000Z,Instagram,Yeezy
Yeezy,hilarious,0 likes on 2024-02-26T19:17:47.000Z,Instagram,Yeezy
Yeezy,,0 likes on 2024-02-26T19:19:11.000Z,Instagram,Yeezy
Yeezy,They really couldâ€™ve taken off all the Yeezy Branding and just called them Boost 300s or something like that BUT they know YEEZY is what sells the shoe!,30 likes on 2024-02-26T19:19:17.000Z,Instagram,Yeezy
Yeezy,"Itâ€™s funny when itâ€™s not you. If you let them get away with it with the big, theyâ€™ll do it to everyone",5 likes on 2024-02-26T19:21:07.000Z,Instagram,Yeezy
Yeezy,@elsekos Exactly,0 likes on 2024-02-26T19:21:32.000Z,Instagram,Yeezy
Yeezy,Get this guy some tissues ğŸ˜‚,3 likes on 2024-02-26T19:27:05.000Z,Instagram,Yeezy
Yeezy,@adidas wtf is this,1 likes on 2024-02-26T19:27:43.000Z,Instagram,Yeezy
Yeezy,AndğŸ˜‚ğŸ˜‚,0 likes on 2024-02-26T19:34:59.000Z,Instagram,Yeezy
Yeezy,ğŸ¦…,0 likes on 2024-02-26T19:38:26.000Z,Instagram,Yeezy
Yeezy,Feezy? Youâ€™re joking ğŸ˜‚,4 likes on 2024-02-26T19:41:59.000Z,Instagram,Yeezy
Yeezy,ğŸ™ƒ,0 likes on 2024-02-26T20:33:50.000Z,Instagram,Yeezy
Yeezy,ğŸ˜‚ğŸ˜‚ğŸ˜‚ nope we not doing that,0 likes on 2024-02-26T20:41:01.000Z,Instagram,Yeezy
Yeezy,Me me me me !!!ğŸ˜¢,0 likes on 2024-02-26T20:46:26.000Z,Instagram,Yeezy
Yeezy,"Yeezy Pods poppin , Fuck'em",3 likes on 2024-02-26T21:36:22.000Z,Instagram,Yeezy
Yeezy,Boycott adidas for Feezy,7 likes on 2024-02-26T21:37:42.000Z,Instagram,Yeezy
Yeezy,Culture Vultures!,0 likes on 2024-02-26T21:47:37.000Z,Instagram,Yeezy
Yeezy,Adidas gross af for this,0 likes on 2024-02-26T22:12:33.000Z,Instagram,Yeezy
Yeezy,â€œfavorite artistâ€ ğŸ˜,2 likes on 2024-02-26T22:26:33.000Z,Instagram,Yeezy
Yeezy,Who gives a $?!,4 likes on 2024-02-26T22:28:00.000Z,Instagram,Yeezy
Yeezy,FEEZYâ€¦.. LOOOL,0 likes on 2024-02-26T22:52:29.000Z,Instagram,Yeezy
Yeezy,@adidasoriginals  donâ€™t be idiot,0 likes on 2024-02-26T22:53:21.000Z,Instagram,Yeezy
Yeezy,Iâ€™m outraged,0 likes on 2024-02-26T23:03:34.000Z,Instagram,Yeezy
Yeezy,First world problems.,0 likes on 2024-02-26T23:16:38.000Z,Instagram,Yeezy
Yeezy,350s played out anyway ğŸ¤·â€â™€ï¸,1 likes on 2024-02-27T01:49:06.000Z,Instagram,Yeezy
Yeezy,ğŸ˜¡,0 likes on 2024-02-27T02:16:43.000Z,Instagram,Yeezy
Yeezy,Does he ever shut up ğŸ™„ğŸ¤šğŸ½,0 likes on 2024-02-27T02:25:17.000Z,Instagram,Yeezy
Yeezy,This is Kanye fan page.,9 likes on 2024-02-27T02:56:06.000Z,Instagram,Yeezy
Yeezy,Who TF cares about you!,1 likes on 2024-02-27T05:15:40.000Z,Instagram,Yeezy
Yeezy,"Theyâ€™re suing his ass coz he went on a rampage on social media. Posting the board, messages between Adi management, antisemetic rhetoric etc etc.  Boy bye",0 likes on 2024-02-27T05:38:34.000Z,Instagram,Yeezy
Yeezy,Feezy ğŸ˜‚,0 likes on 2024-02-27T06:48:36.000Z,Instagram,Yeezy
Yeezy,This man also stole designs tho ğŸ¤”,0 likes on 2024-02-27T07:09:32.000Z,Instagram,Yeezy
Yeezy,@jecoke_7 Itâ€™s a meme but remove the Feezy and you got the actual sneakers he is talking about,2 likes on 2024-02-27T07:15:46.000Z,Instagram,Yeezy
Yeezy,More money more problems dude ğŸ˜‚,0 likes on 2024-02-27T09:45:01.000Z,Instagram,Yeezy
Yeezy,ğŸ˜‚,0 likes on 2024-02-27T12:23:05.000Z,Instagram,Yeezy
Yeezy,@mfitmarino ğŸ¤”,0 likes on 2024-02-27T15:48:12.000Z,Instagram,Yeezy
Yeezy,"If this page will post another Kanye post, im unfollowing.",3 likes on 2024-02-27T17:28:06.000Z,Instagram,Yeezy
Yeezy,thoughts should be with palestine and not some damn shoes,0 likes on 2024-02-27T18:13:01.000Z,Instagram,Yeezy
Yeezy,He said it himself this isn't the real Kanye so why should we care what this imposter is saying ğŸ˜‚,0 likes on 2024-02-27T18:25:39.000Z,Instagram,Yeezy
Yeezy,Unfollow is the thought,0 likes on 2024-02-27T21:06:11.000Z,Instagram,Yeezy
Yeezy,"@elsekos whoâ€™s buying these shoes, in 2024????",0 likes on 2024-02-29T00:10:55.000Z,Instagram,Yeezy
Yeezy,@tomasssemevics Ñ Ğ¿Ñ€Ğ¾ÑˆÑƒ Ğ½Ğµ ÑƒĞ³Ñ€Ğ¾Ğ¶Ğ°Ğ¹Ñ‚Ğµ Ğ¸Ğ¼ )))ğŸ˜‚,0 likes on 2024-02-29T06:41:38.000Z,Instagram,Yeezy
Yeezy,Shoulda gotta a better lawyer,0 likes on 2024-02-29T20:02:34.000Z,Instagram,Yeezy
Yeezy,Ur lawyers failed,0 likes on 2024-03-01T19:17:16.000Z,Instagram,Yeezy
Chanel,ğ˜®ğ˜®ğ˜®... ğ˜¤ğ˜©ğ˜¢ğ˜¯ğ˜¦ğ˜­ ğ˜¢ğ˜­ğ˜¸ğ˜¢ğ˜ºğ˜´ ğ˜¤ğ˜©ğ˜¢ğ˜¯ğ˜¦ğ˜­...âœ¨âœ¨âœ¨,0 likes on 2024-03-05T21:25:25.000Z,Instagram,Chanel
Chanel,MonTana X ft DjEago4ï¸âƒ£4ï¸âƒ£4ï¸âƒ£ğŸ˜ğŸ‡¨ğŸ‡¦ğŸ‘ï¸â¤ï¸ğŸ’€ğŸ•·ï¸DjEago XO CAPALOT Records,0 likes on 2024-03-05T22:28:34.000Z,Instagram,Chanel
Chanel,That leather set is just perfect ğŸ˜ğŸ”¥,0 likes on 2024-03-05T22:50:38.000Z,Instagram,Chanel
Chanel,Okkkk chanel is redeeming itself this year,23 likes on 2024-03-05T22:51:00.000Z,Instagram,Chanel
Chanel,ğŸ’,0 likes on 2024-03-05T22:53:55.000Z,Instagram,Chanel
Chanel,We love K N I T SğŸ˜,1 likes on 2024-03-05T23:18:36.000Z,Instagram,Chanel
Chanel,A good departure from the unflattering maximalism of other brands â¤ï¸,5 likes on 2024-03-06T00:59:32.000Z,Instagram,Chanel
Chanel,@kardeam Yes! They are all angry this season! Angry at the ill fitting dystopian garments that are being peddled!,0 likes on 2024-03-06T01:01:06.000Z,Instagram,Chanel
Chanel,ğŸ”¥ğŸ”¥ğŸ”¥,0 likes on 2024-03-06T01:12:01.000Z,Instagram,Chanel
Chanel,Wide hats? For winter? ğŸ˜†ğŸ˜†ğŸ˜†,1 likes on 2024-03-06T01:13:09.000Z,Instagram,Chanel
Chanel,Great hats,1 likes on 2024-03-06T01:35:35.000Z,Instagram,Chanel
Chanel,Finalmente non volgare!,0 likes on 2024-03-06T01:37:37.000Z,Instagram,Chanel
Chanel,Love the hats! ğŸ”¥,0 likes on 2024-03-06T02:10:44.000Z,Instagram,Chanel
Chanel,ğŸ”¥,0 likes on 2024-03-06T03:13:37.000Z,Instagram,Chanel
Chanel,ğŸ”¥,0 likes on 2024-03-06T03:29:10.000Z,Instagram,Chanel
Chanel,,0 likes on 2024-03-06T03:50:15.000Z,Instagram,Chanel
Chanel,To collect autumn leaves and snow,0 likes on 2024-03-06T04:24:32.000Z,Instagram,Chanel
Chanel,@moonfrogs_15 like every year ğŸ¤©ğŸ˜‰,1 likes on 2024-03-06T05:54:53.000Z,Instagram,Chanel
Chanel,ğŸ”¥ğŸ”¥ğŸ”¥ğŸ˜,0 likes on 2024-03-06T05:55:13.000Z,Instagram,Chanel
Chanel,Fak Gaza & Fak T H I S  posğŸ’©,0 likes on 2024-03-06T06:01:54.000Z,Instagram,Chanel
Chanel,,0 likes on 2024-03-06T06:02:16.000Z,Instagram,Chanel
Chanel,@pinabest24 GigiğŸ’©ğŸ‘ğŸ¼,0 likes on 2024-03-06T06:02:42.000Z,Instagram,Chanel
Chanel,Beautiful Chanel is always top class ğŸ”¥,0 likes on 2024-03-06T07:12:09.000Z,Instagram,Chanel
Chanel,ğŸ‘ğŸ‘,0 likes on 2024-03-06T08:30:40.000Z,Instagram,Chanel
Chanel,Itâ€™s ok.  We donâ€™t have to pretend itâ€™s good just because itâ€™s Chanel.,2 likes on 2024-03-06T08:45:19.000Z,Instagram,Chanel
Chanel,â¤ï¸,0 likes on 2024-03-06T09:44:04.000Z,Instagram,Chanel
Chanel,ğŸ˜ğŸ˜ğŸ˜ğŸ˜ğŸ˜ğŸ˜ğŸ˜ğŸ˜,0 likes on 2024-03-06T10:55:47.000Z,Instagram,Chanel
Chanel,ğŸ˜ğŸ˜ğŸ˜,0 likes on 2024-03-06T12:07:51.000Z,Instagram,Chanel
Chanel,Wow!,0 likes on 2024-03-06T12:19:05.000Z,Instagram,Chanel
Chanel,"Custom made leather boots, coats, shoes look @bemyboots",0 likes on 2024-03-06T12:46:29.000Z,Instagram,Chanel
Chanel,ğŸ‘ğŸ¿ğŸ‘ğŸ¿,0 likes on 2024-03-06T14:14:07.000Z,Instagram,Chanel
Chanel,,0 likes on 2024-03-06T14:14:43.000Z,Instagram,Chanel
Chanel,Luxooooo,0 likes on 2024-03-06T16:31:28.000Z,Instagram,Chanel
Chanel,ğŸ˜ğŸ˜ğŸ˜ğŸ˜ğŸ˜ğŸ˜,0 likes on 2024-03-06T16:31:30.000Z,Instagram,Chanel
Chanel,ğŸ˜ğŸ˜ğŸ˜,0 likes on 2024-03-06T18:38:58.000Z,Instagram,Chanel
Chanel,ğŸ¤ğŸ¤ğŸ¤,0 likes on 2024-03-06T19:34:11.000Z,Instagram,Chanel
Chanel,â¤â¤â¤,0 likes on 2024-03-06T20:28:05.000Z,Instagram,Chanel
Chanel,"This is me , divine",0 likes on 2024-03-07T08:02:04.000Z,Instagram,Chanel
Chanel,"The color schemeğŸ¤ŒğŸ»ğŸ¤ŒğŸ» the tweedğŸ¤ŒğŸ»ğŸ¤ŒğŸ» the patternsğŸ¤ŒğŸ»ğŸ¤ŒğŸ»ğŸ¤ŒğŸ»
Chanel is loveâ¤ï¸â¤ï¸â¤ï¸",1 likes on 2024-03-07T08:36:27.000Z,Instagram,Chanel
Chanel,PERFECT,0 likes on 2024-03-07T10:28:36.000Z,Instagram,Chanel
Chanel,Lindo d+++!!! A 6/10 Ã© minha preferida â¤ï¸ğŸ˜!!! Lindo lindo lindo,0 likes on 2024-03-07T15:42:12.000Z,Instagram,Chanel
Chanel,ğŸ–¤ğŸ¤,0 likes on 2024-03-07T16:07:36.000Z,Instagram,Chanel
Chanel,ğŸ”¥ğŸ”¥,0 likes on 2024-03-07T19:07:53.000Z,Instagram,Chanel
Chanel,at least they tried ğŸ˜‚,0 likes on 2024-03-07T19:58:30.000Z,Instagram,Chanel
Chanel,reminds me a lot of 90s chanel and i still donâ€™t know if thatâ€™s good or not,0 likes on 2024-03-07T19:59:08.000Z,Instagram,Chanel
Chanel,The days of models looking happy are over.,0 likes on 2024-03-08T00:19:22.000Z,Instagram,Chanel
Chanel,Chanel came trimmm twinğŸ¥²ğŸ«¶ğŸ¾,0 likes on 2024-03-08T00:56:31.000Z,Instagram,Chanel
Chanel,ğŸ‘ğŸ‘ğŸ‘ğŸ‘ğŸ‘â¤ï¸â¤ï¸â¤ï¸â¤ï¸â¤ï¸ğŸ™Œ,1 likes on 2024-03-08T14:22:04.000Z,Instagram,Chanel
Chanel,"glÃ³ria a Deus, Chanel voltando as origens ğŸ”¥ğŸ”¥",0 likes on 2024-03-08T18:42:08.000Z,Instagram,Chanel
"Chanel, Miu Miu, Versace",extendingğŸ‚,1 likes on 2024-03-09T19:07:36.000Z,Instagram,"Chanel, Miu Miu, Versace"
"Chanel, Miu Miu, Versace",AMO,0 likes on 2024-03-09T19:12:28.000Z,Instagram,"Chanel, Miu Miu, Versace"
"Chanel, Miu Miu, Versace",I feel like gloves been here now since 3 years,1 likes on 2024-03-09T19:17:36.000Z,Instagram,"Chanel, Miu Miu, Versace"
"Chanel, Miu Miu, Versace",ğŸ‘ğŸ”¥ğŸ”¥,2 likes on 2024-03-09T19:33:41.000Z,Instagram,"Chanel, Miu Miu, Versace"
"Chanel, Miu Miu, Versace",Amazing ğŸ”¥,2 likes on 2024-03-09T19:40:04.000Z,Instagram,"Chanel, Miu Miu, Versace"
"Chanel, Miu Miu, Versace",â¤ï¸â¤ï¸â¤ï¸â¤ï¸,2 likes on 2024-03-09T19:45:59.000Z,Instagram,"Chanel, Miu Miu, Versace"
"Chanel, Miu Miu, Versace",ğŸ‘ğŸ‘,0 likes on 2024-03-09T20:31:45.000Z,Instagram,"Chanel, Miu Miu, Versace"
"Chanel, Miu Miu, Versace",Chanel will always be chanel ğŸ–¤,0 likes on 2024-03-09T20:57:53.000Z,Instagram,"Chanel, Miu Miu, Versace"
"Chanel, Miu Miu, Versace",YES YES YEESSS!!!,2 likes on 2024-03-09T21:03:35.000Z,Instagram,"Chanel, Miu Miu, Versace"
"Chanel, Miu Miu, Versace",Haha I actually noticed thatâ€¦,0 likes on 2024-03-09T21:07:25.000Z,Instagram,"Chanel, Miu Miu, Versace"
"Chanel, Miu Miu, Versace",Gloves are ALWAYS a priority â™¥ï¸,3 likes on 2024-03-09T21:44:11.000Z,Instagram,"Chanel, Miu Miu, Versace"
"Chanel, Miu Miu, Versace",Glove Love!!!!ğŸ§¤ğŸ’™â¤ï¸,0 likes on 2024-03-09T23:33:46.000Z,Instagram,"Chanel, Miu Miu, Versace"
"Chanel, Miu Miu, Versace",ğŸ‘ğŸ™Œ,2 likes on 2024-03-09T23:35:04.000Z,Instagram,"Chanel, Miu Miu, Versace"
"Chanel, Miu Miu, Versace",What's next? Oven mitts and hockey gloves?,8 likes on 2024-03-10T03:15:54.000Z,Instagram,"Chanel, Miu Miu, Versace"
"Chanel, Miu Miu, Versace",Check out my instagram @blondebella09,0 likes on 2024-03-10T04:32:45.000Z,Instagram,"Chanel, Miu Miu, Versace"
"Chanel, Miu Miu, Versace",theyâ€™ve been the hottest axx since 2021 ğŸ™„,4 likes on 2024-03-10T05:04:07.000Z,Instagram,"Chanel, Miu Miu, Versace"
"Chanel, Miu Miu, Versace","@jaclynevestyle hence, coming out of covid lockdownâ€¦ makes sense if you think about it.",0 likes on 2024-03-10T05:04:58.000Z,Instagram,"Chanel, Miu Miu, Versace"
"Chanel, Miu Miu, Versace",Anyone here who can guide me,2 likes on 2024-03-10T08:03:37.000Z,Instagram,"Chanel, Miu Miu, Versace"
"Chanel, Miu Miu, Versace","Die Models sehen alle so ungesund aus,  abschreckendğŸ˜®",1 likes on 2024-03-10T08:40:33.000Z,Instagram,"Chanel, Miu Miu, Versace"
"Chanel, Miu Miu, Versace",Givenchy >>>>>,0 likes on 2024-03-10T10:02:04.000Z,Instagram,"Chanel, Miu Miu, Versace"
"Chanel, Miu Miu, Versace",ğŸ«¶ğŸ½ğŸ§¤,1 likes on 2024-03-10T10:20:36.000Z,Instagram,"Chanel, Miu Miu, Versace"
"Chanel, Miu Miu, Versace",ğŸ‘ŒğŸ¼ğŸ¤,0 likes on 2024-03-10T12:06:47.000Z,Instagram,"Chanel, Miu Miu, Versace"
"Chanel, Miu Miu, Versace",Chanel's looked so classy ğŸ’–,2 likes on 2024-03-10T13:05:27.000Z,Instagram,"Chanel, Miu Miu, Versace"
"Chanel, Miu Miu, Versace",What about @courreges it should be on the top 3. They nailed it this season,0 likes on 2024-03-10T14:41:50.000Z,Instagram,"Chanel, Miu Miu, Versace"
"Chanel, Miu Miu, Versace","Kanye in @nike.
Back to the future.",0 likes on 2024-03-10T15:20:53.000Z,Instagram,"Chanel, Miu Miu, Versace"
"Chanel, Miu Miu, Versace",ğŸ‘‘ğŸ’›,0 likes on 2024-03-10T15:42:50.000Z,Instagram,"Chanel, Miu Miu, Versace"
"Chanel, Miu Miu, Versace",@moon.az_mode,2 likes on 2024-03-10T15:56:01.000Z,Instagram,"Chanel, Miu Miu, Versace"
"Chanel, Miu Miu, Versace",â™¥ï¸â™¥ï¸â™¥ï¸,0 likes on 2024-03-10T15:56:03.000Z,Instagram,"Chanel, Miu Miu, Versace"
"Chanel, Miu Miu, Versace",Love it ğŸ§¤,0 likes on 2024-03-10T17:23:17.000Z,Instagram,"Chanel, Miu Miu, Versace"
"Chanel, Miu Miu, Versace",Marni is UGLY. That chest on the black model is revolting. Great way to get people to NOT buy your stuff.,1 likes on 2024-03-10T17:27:41.000Z,Instagram,"Chanel, Miu Miu, Versace"
"Chanel, Miu Miu, Versace",@speakerdemoda,2 likes on 2024-03-10T17:50:40.000Z,Instagram,"Chanel, Miu Miu, Versace"
"Chanel, Miu Miu, Versace",Baseball or American Football? Maybe granny can have a fireproof oven glove with apron?,2 likes on 2024-03-10T18:55:55.000Z,Instagram,"Chanel, Miu Miu, Versace"
"Chanel, Miu Miu, Versace","@elihugonzalezz Â¡amo! Muchas gracias bebÃ©, #loqueseviene di â¤",1 likes on 2024-03-10T18:56:58.000Z,Instagram,"Chanel, Miu Miu, Versace"
"Chanel, Miu Miu, Versace","@speakerdemoda ya quierooooo unos propios. Muero porque tengas a la venta ğŸ¥¹ğŸ’– y si, lo que se viene ğŸ«µğŸ¼",1 likes on 2024-03-10T19:00:02.000Z,Instagram,"Chanel, Miu Miu, Versace"
"Chanel, Miu Miu, Versace",â¤â¤â¤,2 likes on 2024-03-10T19:03:07.000Z,Instagram,"Chanel, Miu Miu, Versace"
"Chanel, Miu Miu, Versace",Nice,0 likes on 2024-03-10T22:12:50.000Z,Instagram,"Chanel, Miu Miu, Versace"
"Chanel, Miu Miu, Versace",I did the utility look with my recylable self!,0 likes on 2024-03-10T23:27:15.000Z,Instagram,"Chanel, Miu Miu, Versace"
"Chanel, Miu Miu, Versace",ğŸ˜â¤ï¸â¤ï¸,0 likes on 2024-03-11T01:50:49.000Z,Instagram,"Chanel, Miu Miu, Versace"
"Chanel, Miu Miu, Versace",This has gotten out of hand ğŸ˜‚ğŸ˜‚ğŸ˜‚,0 likes on 2024-03-11T03:39:42.000Z,Instagram,"Chanel, Miu Miu, Versace"
"Chanel, Miu Miu, Versace",No one... literally no one... outside of fashion or celebrity..has time for this useless crap..,0 likes on 2024-03-11T04:39:10.000Z,Instagram,"Chanel, Miu Miu, Versace"
"Chanel, Miu Miu, Versace",Love ğŸ˜,0 likes on 2024-03-11T09:12:46.000Z,Instagram,"Chanel, Miu Miu, Versace"
"Chanel, Miu Miu, Versace",ğŸ‘ğŸ‘ğŸ‘ğŸ‘ğŸ‘ğŸ‘,0 likes on 2024-03-11T16:57:35.000Z,Instagram,"Chanel, Miu Miu, Versace"
"Chanel, Miu Miu, Versace",I really want gloves to make a comeback like a huge one,0 likes on 2024-03-11T18:39:04.000Z,Instagram,"Chanel, Miu Miu, Versace"
"Chanel, Miu Miu, Versace",Elegance and sophistication in gloves is gaining momentum.,0 likes on 2024-03-12T11:45:40.000Z,Instagram,"Chanel, Miu Miu, Versace"
"Chanel, Miu Miu, Versace",Look at our first show in October!,0 likes on 2024-03-13T00:39:49.000Z,Instagram,"Chanel, Miu Miu, Versace"
"Chanel, Miu Miu, Versace",ğŸ”¥ğŸ”¥,0 likes on 2024-03-13T14:08:54.000Z,Instagram,"Chanel, Miu Miu, Versace"
"Chanel, Miu Miu, Versace",ğŸ˜ğŸ¤,0 likes on 2024-03-14T20:17:37.000Z,Instagram,"Chanel, Miu Miu, Versace"
Giorgio Armani,#milan #milanfashionweek #mfw,0 likes on 2023-09-25T18:46:03.000Z,Instagram,Giorgio Armani
Giorgio Armani,â™¥ï¸ğŸ¤ğŸ’™ğŸ¤ğŸ’›ğŸ–¤ğŸ’œğŸ’šğŸ§¡ğŸ’–,0 likes on 2023-09-25T18:49:44.000Z,Instagram,Giorgio Armani
Giorgio Armani,In love!! The blue color is ğŸ˜ğŸ¤ŒğŸ½,1 likes on 2023-09-25T18:51:00.000Z,Instagram,Giorgio Armani
Giorgio Armani,ğŸ”¥ğŸ”¥ğŸ”¥ğŸ”¥ğŸ”¥ğŸ”¥â¤ï¸,0 likes on 2023-09-25T18:53:55.000Z,Instagram,Giorgio Armani
Giorgio Armani,Please give these models a bowl of pasta,3 likes on 2023-09-25T18:57:41.000Z,Instagram,Giorgio Armani
Giorgio Armani,ğŸ˜ğŸ˜,0 likes on 2023-09-25T19:30:38.000Z,Instagram,Giorgio Armani
Giorgio Armani,BREATHTAKING.ğŸ¤,0 likes on 2023-09-25T19:40:24.000Z,Instagram,Giorgio Armani
Giorgio Armani,I find I love the soft sexy clothes but not the hard plastic look 0f the accessories,0 likes on 2023-09-25T20:13:17.000Z,Instagram,Giorgio Armani
Giorgio Armani,â¤ï¸,0 likes on 2023-09-25T21:02:25.000Z,Instagram,Giorgio Armani
Giorgio Armani,It was good and I was actually surprised by it ğŸ˜…,0 likes on 2023-09-25T21:54:25.000Z,Instagram,Giorgio Armani
Giorgio Armani,"This combination of fashion elements may create a unique retro and modern mix and match style. The ripple patterns and details of sea blue and green seem to add a sense of ocean or water to the whole series, which may attract those who seek unusual fashion choices. Fashion is often influenced by history and different cultures. Such design inspiration can bring new ideas and trends to the fashion field.
ğŸ˜ğŸ˜ğŸ˜",1 likes on 2023-09-25T22:02:28.000Z,Instagram,Giorgio Armani
Giorgio Armani,Meraviglioso piÃ¹ che mai ğŸ‘,0 likes on 2023-09-25T22:15:10.000Z,Instagram,Giorgio Armani
Giorgio Armani,@pdschram24 true thatâ€¦ but the colors are magical ğŸ”¥ğŸ™ŒğŸ‘,2 likes on 2023-09-25T22:44:46.000Z,Instagram,Giorgio Armani
Giorgio Armani,Beautiful collection ğŸ’—,1 likes on 2023-09-25T23:38:06.000Z,Instagram,Giorgio Armani
Giorgio Armani,#yawnğŸ˜‚,0 likes on 2023-09-26T00:25:02.000Z,Instagram,Giorgio Armani
Giorgio Armani,ğŸ‘ğŸ‘ğŸ‘ğŸ‘ğŸ‘ğŸ‘ğŸ‘ğŸ‘ğŸ‘ğŸ‘ğŸ‘ğŸ‘ğŸ‘ğŸ‘ğŸ‘ğŸ‘ğŸ‘ğŸ‘,0 likes on 2023-09-26T05:04:17.000Z,Instagram,Giorgio Armani
Giorgio Armani,The fluidity of the satinğŸ˜ğŸ˜ğŸ˜ğŸ˜,0 likes on 2023-09-26T07:21:53.000Z,Instagram,Giorgio Armani
Giorgio Armani,ğŸ”¥,0 likes on 2023-09-26T10:26:50.000Z,Instagram,Giorgio Armani
Giorgio Armani,ğŸ’™ğŸ©µğŸ’™ğŸ©µ,0 likes on 2023-09-26T11:15:13.000Z,Instagram,Giorgio Armani
Giorgio Armani,ğŸ”¥ğŸ”¥ğŸ”¥,0 likes on 2023-09-26T13:00:35.000Z,Instagram,Giorgio Armani
Giorgio Armani,ğŸ˜,0 likes on 2023-09-26T15:02:20.000Z,Instagram,Giorgio Armani
Giorgio Armani,ğŸ˜â¤ï¸â¤ï¸ğŸ”¥ğŸ”¥,0 likes on 2023-09-26T18:55:53.000Z,Instagram,Giorgio Armani
Giorgio Armani,â¤ï¸â¤ï¸â¤ï¸â¤ï¸â¤ï¸â¤ï¸â¤ï¸,0 likes on 2023-09-27T02:01:04.000Z,Instagram,Giorgio Armani
Giorgio Armani,Les couleurs ğŸ¥¹ğŸ«¶ğŸ½ @maude.db,0 likes on 2023-09-27T03:19:33.000Z,Instagram,Giorgio Armani
Giorgio Armani,@meveouell beau ğŸ˜,0 likes on 2023-09-27T03:50:19.000Z,Instagram,Giorgio Armani
Giorgio Armani,ğŸ”¥,0 likes on 2023-09-27T10:59:41.000Z,Instagram,Giorgio Armani
Giorgio Armani,â¤ï¸,0 likes on 2023-09-27T11:21:17.000Z,Instagram,Giorgio Armani
Giorgio Armani,Incredible ğŸ’™ Learn how to create Fashion Week inspired finger waves on our Instagram reels âœ¨,0 likes on 2023-09-28T14:33:09.000Z,Instagram,Giorgio Armani
Giorgio Armani,ğŸ˜ğŸ”¥ğŸ”¥ğŸ”¥,0 likes on 2023-09-28T16:33:12.000Z,Instagram,Giorgio Armani
Giorgio Armani,ğŸ’ğŸ‘ŒğŸ”¥,0 likes on 2023-09-28T16:33:22.000Z,Instagram,Giorgio Armani
Giorgio Armani,MeravigliosiğŸ‘ğŸ‘ğŸ‘ğŸ‘,0 likes on 2023-10-01T10:40:10.000Z,Instagram,Giorgio Armani
Mango,Pls restock the gingham pantsğŸ˜¢ğŸ˜¢,0 likes on 2024-03-15T18:02:02.000Z,Instagram,Mango
Mango,I saw on TikTok a woman got a moldy order and now Iâ€™m afraid to purchase from yall. Is there anything yall are doing to prevent this from happening again?,21 likes on 2024-03-15T18:13:19.000Z,Instagram,Mango
Mango,"Si comprÃ¡is en la tienda online de Mango tened mucho cuidado. Trabajan con GLS y es terrible. ComprÃ© un paquete a principio de mes y me enviaron un correo diciÃ©ndome que me lo acababan de entregar XD cuando a mÃ­ en casa no me lo habÃ­an entregado. Pregunto a Mango que a quiÃ©n se lo han entregado y no saben contestarme. Me envÃ­an una segunda vez la prendaâ€¦ y me llega hoy un correo diciÃ©ndome que no me lo han entregado por direcciÃ³n incorrecta cuando mi direcciÃ³n estÃ¡ correcta (ademas es una direcciÃ³n sin ninguna complicaciÃ³n). Y sigo esperandoâ€¦ Es de pena. Os lo advierto porque asÃ­ no se puede comprar, para que lo sepÃ¡is. Esa empresa de transporte que tienen es lo peor de lo peor. Cuando si no entiendes una direcciÃ³n por lo que sea lo que se hace es llamar al cliente y solucionado.",0 likes on 2024-03-15T19:32:26.000Z,Instagram,Mango
Mango,Donâ€™t shop here they send out mold with their products,2 likes on 2024-03-15T19:48:37.000Z,Instagram,Mango
Mango,"What are yâ€™all doing fr, the MOLD???",1 likes on 2024-03-15T20:28:34.000Z,Instagram,Mango
Mango,Does this belt come with mold as well?  #BeltGate2024,1 likes on 2024-03-15T20:48:39.000Z,Instagram,Mango
Mango,Does anyone know how to reach mango customer service and speak to a human?,1 likes on 2024-03-15T20:52:33.000Z,Instagram,Mango
Mango,Probably best someone just got their order covered in mold and they are refusing a refund,0 likes on 2024-03-16T01:14:18.000Z,Instagram,Mango
Mango,"DM me urgently, I will take you to court. I want my refund urgently now. I want the incorrect information given to me by the cargo company and the immediate return of my returned products.",0 likes on 2024-03-16T07:02:49.000Z,Instagram,Mango
Mango,"@aimsiddiqui97 Hi and thanks for your interest in Mango. In order to assist you further, kindly DM us with a reference number or a photograph of the item you are interested in. Many thanks.",0 likes on 2024-03-16T08:47:30.000Z,Instagram,Mango
Mango,@hi_its_ras Hi. We have since responded to you via DM. Kind regards.,0 likes on 2024-03-16T08:57:53.000Z,Instagram,Mango
Mango,@sirdasbiri5656 Hi and sorry to hear this. We have since responded to you via DM. Kind regards.,0 likes on 2024-03-16T09:01:50.000Z,Instagram,Mango
Mango,@kenkentrent Hi and sorry to hear this. Please see our response via DM. Many thanks.,0 likes on 2024-03-17T08:45:24.000Z,Instagram,Mango
Mango,"@petuniacreaciones_ Hola. Sentimos leer tu mensaje. FacilÃ­tanos el nÃºmero de tu pedido y el nombre del titular a travÃ©s de un DM para que podamos ayudarte, por favor. Un saludo.",0 likes on 2024-03-17T08:45:40.000Z,Instagram,Mango
Mango,I want it now ğŸ˜ğŸ˜,0 likes on 2024-03-18T09:53:09.000Z,Instagram,Mango
Mango,@dettagliproductions â¤ï¸ â¤ï¸ â¤ï¸,0 likes on 2024-03-18T09:56:25.000Z,Instagram,Mango
Mango,@ohwhynot85 Hi. Please be advised that the satisfaction of our customers is our main priority which is why we have already got in touch with her directly with a solution. Best regards.,0 likes on 2024-03-18T14:33:17.000Z,Instagram,Mango
Mango,"@ashleynikolebeauty Hello. Please rest assured that our priority is to provide a top quality garment. For this reason, we are currently checking with our warehouse to ensure that all our items are in perfect condition. Kind regards.",0 likes on 2024-03-18T14:40:49.000Z,Instagram,Mango
Mango,@cassiewyrick Hi. Kindly note that the satisfaction of our customers is our main priority which is why we have contacted the customer directly with a solution. Kind regards.,0 likes on 2024-03-18T14:47:13.000Z,Instagram,Mango
Mango,@meagandawn1987 Hi. We constantly strive for quality which is why we are currently checking with our warehouse to make sure that our products are in perfect condition. Best regards.,0 likes on 2024-03-18T14:51:24.000Z,Instagram,Mango
Mango,@1ucid_ra3 Hi. Kindly be advised that our priority is to provide a top quality product which is why we are currently checking with our warehouse to make sure that all our items are in perfect condition. Best regards.,0 likes on 2024-03-18T16:10:06.000Z,Instagram,Mango
Mango,"@anika.in.the.day Hi. Kindly rest assured that our priority is to provide a top quality product. For this reason, we are currently checking with our warehouse to ensure that all our items are in perfect condition. Best regards.",0 likes on 2024-03-18T16:14:12.000Z,Instagram,Mango
Mango,"@nickiisfat Hello. Please rest assured that we constantly strive for quality. For this reason, we are currently checking with our warehouse to ensure that our items are in perfect condition. Kind regards.",0 likes on 2024-03-18T16:18:21.000Z,Instagram,Mango
Mango,"@rebecca.monighan Hi. Please rest assured that providing a top quality garment is our main priority. For this reason, we are currently checking with our warehouse to ensure that all our products are in perfect condition. Kind regards.",0 likes on 2024-03-18T16:25:58.000Z,Instagram,Mango
Mango,"@amberjolene18 Hello. Please rest assured that the satisfaction of our customers is our main priority. For this reason, we have already got in touch with the customer with a solution. Best regards.",0 likes on 2024-03-18T16:38:14.000Z,Instagram,Mango
Mango,@thejosiejames Hi. The satisfaction of our customers is our main priority which is why we have already got in touch with the customer directly with a solution. Please be advised that we are currently checking with our warehouse to ensure that all our items are in perfect condition. Kind regards.,0 likes on 2024-03-18T16:44:37.000Z,Instagram,Mango
Mango,@kenkentrent Hi and sorry to hear this. We are currently reviewing your case privately. Thank you for your patience in this matter. Kind regards.,0 likes on 2024-03-19T12:58:25.000Z,Instagram,Mango
Mango,"havenâ€™t received my package, itâ€™s been a while.",0 likes on 2024-03-19T17:12:10.000Z,Instagram,Mango
Mango,"@sintsien Hello. In order to assist you further, kindly respond via direct message with your full name, email address and order number. Many thanks.",0 likes on 2024-03-20T07:39:09.000Z,Instagram,Mango
Mango,ğŸ˜ğŸ˜ğŸ˜ğŸ˜,0 likes on 2024-03-24T08:29:09.000Z,Instagram,Mango
Mango,@theo_cano â¤ï¸ ğŸ™Œ,0 likes on 2024-03-24T08:33:09.000Z,Instagram,Mango
Gucci,Sahara is a humble genius! Love his work ğŸ”¥,0 likes on 2024-02-23T20:26:09.000Z,Instagram,Gucci
Gucci,The best>ğŸ”¥â¤ï¸,0 likes on 2024-02-23T20:29:19.000Z,Instagram,Gucci
Gucci,Emphasis on the moneymakers (bags),1 likes on 2024-02-23T20:30:34.000Z,Instagram,Gucci
Gucci,This work is amazing and the clothes are beautiful ğŸ¤©ğŸ‘ğŸ‘ğŸ‘ğŸ¤©ğŸ¤©ğŸ¤©ğŸ‘ğŸ‘,0 likes on 2024-02-23T20:34:13.000Z,Instagram,Gucci
Gucci,LOVE!!!â¤ï¸â¤ï¸ğŸ”¥ğŸ”¥,1 likes on 2024-02-23T20:37:58.000Z,Instagram,Gucci
Gucci,Gucci is the greatest brand ever ğŸ”¥ğŸ˜,0 likes on 2024-02-23T20:38:17.000Z,Instagram,Gucci
Gucci,ğŸ˜,0 likes on 2024-02-23T20:52:17.000Z,Instagram,Gucci
Gucci,ğŸ”¥ğŸ”¥ğŸ”¥,0 likes on 2024-02-23T20:54:20.000Z,Instagram,Gucci
Gucci,ğŸ”¥ğŸ”¥ğŸ”¥ğŸ”¥ğŸ”¥ğŸ”¥,0 likes on 2024-02-23T21:31:21.000Z,Instagram,Gucci
Gucci,ğŸ”¥,0 likes on 2024-02-23T21:34:47.000Z,Instagram,Gucci
Gucci,Lovely collection ğŸ˜ŠğŸ‘—,0 likes on 2024-02-23T21:50:20.000Z,Instagram,Gucci
Gucci,ğŸ¥±ğŸ¥±ğŸ¥±,0 likes on 2024-02-23T22:11:19.000Z,Instagram,Gucci
Gucci,â™¥ï¸,0 likes on 2024-02-23T22:43:41.000Z,Instagram,Gucci
Gucci,Finally haute couture ğŸ˜,1 likes on 2024-02-23T23:27:42.000Z,Instagram,Gucci
Gucci,ğŸ”¥ğŸ”¥ğŸ”¥ğŸ”¥Yes!! Fabulous wearable fashion!!!,0 likes on 2024-02-24T00:40:59.000Z,Instagram,Gucci
Gucci,ğŸ‘ğŸ‘ğŸ‘ğŸ˜,0 likes on 2024-02-24T01:08:34.000Z,Instagram,Gucci
Gucci,ğŸ˜ğŸ˜ğŸ˜ğŸ˜â¤ï¸â¤ï¸ğŸ”¥ğŸ”¥ğŸ”¥,0 likes on 2024-02-24T01:24:20.000Z,Instagram,Gucci
Gucci,ğŸ˜ğŸ˜,0 likes on 2024-02-24T01:38:02.000Z,Instagram,Gucci
Gucci,â¤â¤,0 likes on 2024-02-24T01:57:46.000Z,Instagram,Gucci
Gucci,Really good! ğŸ˜,1 likes on 2024-02-24T02:53:41.000Z,Instagram,Gucci
Gucci,ğŸ‘ğŸ‘,0 likes on 2024-02-24T03:09:01.000Z,Instagram,Gucci
Gucci,ğŸ‘ğŸ˜ğŸ˜ğŸ˜ğŸ‘,0 likes on 2024-02-24T03:22:54.000Z,Instagram,Gucci
Gucci,The Designer is ğŸ”¥,0 likes on 2024-02-24T03:50:30.000Z,Instagram,Gucci
Gucci,What a Gorgeous CollectionFresh New Excitingâ€¦ purring your Touch on the Classicâ€™s Lovely ğŸ©·ğŸ©·ğŸ©·ğŸ©·,0 likes on 2024-02-24T04:35:40.000Z,Instagram,Gucci
Gucci,I love to go to fashion show too,0 likes on 2024-02-24T04:44:25.000Z,Instagram,Gucci
Gucci,Great,0 likes on 2024-02-24T05:19:37.000Z,Instagram,Gucci
Gucci,ğŸ˜® wow como.me encantarÃ­a modelar ahÃ­ en un tremendo SueÃ±oğŸ˜®,0 likes on 2024-02-24T06:18:10.000Z,Instagram,Gucci
Gucci,ğŸ¤ŒğŸ¼ğŸ›,0 likes on 2024-02-24T06:48:03.000Z,Instagram,Gucci
Gucci,â¤â¤â¤â¤â¤ğŸ˜ğŸ˜ğŸ˜,0 likes on 2024-02-24T06:52:13.000Z,Instagram,Gucci
Gucci,ğŸ˜â¤ï¸,0 likes on 2024-02-24T07:32:59.000Z,Instagram,Gucci
Gucci,Iâ€˜m here for the glitter!,1 likes on 2024-02-24T08:48:11.000Z,Instagram,Gucci
Gucci,ğŸ”â£ï¸,0 likes on 2024-02-24T09:21:27.000Z,Instagram,Gucci
Gucci,Pega a referÃªncia de cores do inverno que impecÃ¡vel @shantheus_,0 likes on 2024-02-24T09:47:10.000Z,Instagram,Gucci
Gucci,Nice long jacket & v-necked dress. ğŸ”¥,0 likes on 2024-02-24T10:07:14.000Z,Instagram,Gucci
Gucci,perfectğŸ˜,0 likes on 2024-02-24T10:23:53.000Z,Instagram,Gucci
Gucci,BellÃ­simoğŸ–¤ğŸ”¥ğŸ–¤ğŸ”¥,0 likes on 2024-02-24T11:29:28.000Z,Instagram,Gucci
Gucci,ğŸ™Œâ¤,0 likes on 2024-02-24T12:27:59.000Z,Instagram,Gucci
Gucci,ğŸ‘ğŸ‘ğŸ‘ğŸ”¥ğŸ”¥ğŸ«¶ğŸ»ğŸ«¶ğŸ»ğŸ‘ğŸ»ğŸ‘ğŸ»ğŸ‘ğŸ»â™£ï¸â™£ï¸â™£ï¸â™£ï¸â™£ï¸,0 likes on 2024-02-24T17:49:47.000Z,Instagram,Gucci
Gucci,ğŸ‘ğŸ˜,0 likes on 2024-02-24T19:43:30.000Z,Instagram,Gucci
Gucci,ğŸ‘ğŸ‘ğŸ‘ğŸ‘ğŸ¤¦â€â™€ï¸ğŸ¤¦â€â™€ï¸,0 likes on 2024-02-24T20:54:23.000Z,Instagram,Gucci
Gucci,â¤â¤â¤,0 likes on 2024-02-25T01:16:35.000Z,Instagram,Gucci
Gucci,ğŸ’œ,0 likes on 2024-02-25T10:12:03.000Z,Instagram,Gucci
Gucci,â¤ï¸â¤ï¸â¤ï¸â¤ï¸â¤ï¸â¤ï¸â¤ï¸â¤ï¸,0 likes on 2024-02-25T12:01:41.000Z,Instagram,Gucci
Gucci,ğŸ˜ğŸ”¥,0 likes on 2024-02-25T18:20:24.000Z,Instagram,Gucci
Gucci,ğŸ‘ğŸ‘ğŸ‘â¤ï¸â¤ï¸â¤ï¸,0 likes on 2024-02-25T20:46:18.000Z,Instagram,Gucci
Gucci,â¤â¤,0 likes on 2024-02-26T09:41:56.000Z,Instagram,Gucci
Gucci,ğŸ”¥ğŸ”¥â¤ï¸,0 likes on 2024-02-26T12:04:17.000Z,Instagram,Gucci
Gucci,So pretty â¤,0 likes on 2024-02-28T09:45:32.000Z,Instagram,Gucci
Gucci,ğŸ˜ğŸ˜ğŸ˜ğŸ˜,0 likes on 2024-02-28T17:34:36.000Z,Instagram,Gucci
Gucci,âœ¨ï¸â¤ï¸â€ğŸ”¥,0 likes on 2024-02-29T19:53:31.000Z,Instagram,Gucci
Dolce and Gabanna,Queen Master Naomi is flawless,1 likes on 2023-09-24T07:18:07.000Z,Instagram,Dolce and Gabanna
Dolce and Gabanna,â¤ï¸ğŸ”¥,1 likes on 2023-09-24T08:05:56.000Z,Instagram,Dolce and Gabanna
Dolce and Gabanna,â¤ï¸â¤ï¸â¤ï¸â¤ï¸â¤ï¸,0 likes on 2023-09-24T09:18:58.000Z,Instagram,Dolce and Gabanna
Dolce and Gabanna,â¤ï¸,0 likes on 2023-09-24T10:13:24.000Z,Instagram,Dolce and Gabanna
Dolce and Gabanna,Beautiful ğŸ”¥ğŸ”¥,0 likes on 2023-09-24T10:48:48.000Z,Instagram,Dolce and Gabanna
Dolce and Gabanna,Beautiful ğŸ”¥ğŸ”¥,0 likes on 2023-09-24T11:22:14.000Z,Instagram,Dolce and Gabanna
Dolce and Gabanna,ğŸ‘Œ,0 likes on 2023-09-24T11:48:42.000Z,Instagram,Dolce and Gabanna
Dolce and Gabanna,"I'M A LITTLE DISAPPOINTED, BEAUTIFUL FASHION. GREAT THINGS BUT THIS IS NOT IT. BEAUTIFULLY TAILORED AND PERFECTLY MADE UNDERWEAR. THESE ARE THINGS THAT YOU CAN WEAR SOMEWHERE, FOR A PRIVATE MEETING, BUT IT'S NOT SERIOUS. I SAW BEAUTIFUL FURS. WHICH I LIKED THE MOST.",0 likes on 2023-09-24T12:03:13.000Z,Instagram,Dolce and Gabanna
Dolce and Gabanna,ğŸ”¥ğŸ˜,0 likes on 2023-09-24T12:05:06.000Z,Instagram,Dolce and Gabanna
Dolce and Gabanna,Bellizima,0 likes on 2023-09-24T12:51:41.000Z,Instagram,Dolce and Gabanna
Dolce and Gabanna,ğŸ”¥,0 likes on 2023-09-24T13:06:45.000Z,Instagram,Dolce and Gabanna
Dolce and Gabanna,â¤ï¸â¤ï¸â¤ï¸â¤ï¸â¤ï¸â¤ï¸,0 likes on 2023-09-24T13:42:53.000Z,Instagram,Dolce and Gabanna
Dolce and Gabanna,Plus size girls ğŸ™ŒğŸ™ŒğŸ™ŒğŸ™Œ,2 likes on 2023-09-24T13:51:42.000Z,Instagram,Dolce and Gabanna
Dolce and Gabanna,â¤ï¸,0 likes on 2023-09-24T14:09:44.000Z,Instagram,Dolce and Gabanna
Dolce and Gabanna,ğŸ‘ğŸ‘ğŸ‘ Great ğŸ™Œ,0 likes on 2023-09-24T15:15:28.000Z,Instagram,Dolce and Gabanna
Dolce and Gabanna,Eh over hyped,0 likes on 2023-09-24T15:44:50.000Z,Instagram,Dolce and Gabanna
Dolce and Gabanna,ğŸ˜,0 likes on 2023-09-24T16:13:29.000Z,Instagram,Dolce and Gabanna
Dolce and Gabanna,Alcuni look non sono per tutte ...solo le ragazze magre e piatte possono indossarli,0 likes on 2023-09-24T18:31:18.000Z,Instagram,Dolce and Gabanna
Dolce and Gabanna,â¤ï¸â¤ï¸â¤ï¸ @,0 likes on 2023-09-24T19:28:54.000Z,Instagram,Dolce and Gabanna
Dolce and Gabanna,Gorgeous,0 likes on 2023-09-24T19:41:12.000Z,Instagram,Dolce and Gabanna
Dolce and Gabanna,belisama ğŸ”¥,0 likes on 2023-09-24T20:10:12.000Z,Instagram,Dolce and Gabanna
Dolce and Gabanna,ğŸ–¤ğŸ–¤ğŸ–¤,0 likes on 2023-09-24T22:38:09.000Z,Instagram,Dolce and Gabanna
Dolce and Gabanna,Who's the model in 6th slide ??,0 likes on 2023-09-25T06:01:17.000Z,Instagram,Dolce and Gabanna
Dolce and Gabanna,F*CK D&G,0 likes on 2023-09-25T07:42:21.000Z,Instagram,Dolce and Gabanna
Dolce and Gabanna,Tacky. Iâ€™ll never forgive @dolcegabbana for what they said and did to hurt people.,0 likes on 2023-09-25T07:43:15.000Z,Instagram,Dolce and Gabanna
Dolce and Gabanna,Straight up UGGO.,0 likes on 2023-09-25T07:45:19.000Z,Instagram,Dolce and Gabanna
Dolce and Gabanna,@umybarre,0 likes on 2023-09-25T08:16:26.000Z,Instagram,Dolce and Gabanna
Dolce and Gabanna,ğŸ˜very,0 likes on 2023-09-25T10:49:27.000Z,Instagram,Dolce and Gabanna
Dolce and Gabanna,The half blazer with the shirt underneath - and the clear Mac are both *chef's kiss* - rest is trash.,0 likes on 2023-09-25T10:51:40.000Z,Instagram,Dolce and Gabanna
Dolce and Gabanna,ğŸ‘ğŸ‘ğŸ‘ğŸ‘ğŸ‘ğŸ˜,0 likes on 2023-09-25T10:59:13.000Z,Instagram,Dolce and Gabanna
Dolce and Gabanna,You are fabulous,0 likes on 2023-09-25T11:28:54.000Z,Instagram,Dolce and Gabanna
Dolce and Gabanna,Naomi! Body goals â¤ï¸,0 likes on 2023-09-25T11:38:54.000Z,Instagram,Dolce and Gabanna
Dolce and Gabanna,â¤ï¸â¤ï¸,0 likes on 2023-09-25T12:25:07.000Z,Instagram,Dolce and Gabanna
Dolce and Gabanna,Learn how to create fashion week inspired hair #updos on our Insta reels â¤ï¸â€ğŸ”¥,0 likes on 2023-09-25T13:16:57.000Z,Instagram,Dolce and Gabanna
Dolce and Gabanna,ğŸ‘â¤ï¸,0 likes on 2023-09-25T13:18:44.000Z,Instagram,Dolce and Gabanna
Dolce and Gabanna,ğŸ”¥ğŸ”¥,0 likes on 2023-09-25T13:20:12.000Z,Instagram,Dolce and Gabanna
Dolce and Gabanna,ğŸ‘ŒğŸ‘,1 likes on 2023-09-25T15:39:15.000Z,Instagram,Dolce and Gabanna
Dolce and Gabanna,#russiaisaterroriststate #russiakillscivilians !!!!!!!!ğŸ¤¬ğŸ˜¤ğŸ˜¤ğŸ˜¤,0 likes on 2023-09-25T17:08:01.000Z,Instagram,Dolce and Gabanna
Dolce and Gabanna,#russiakills,0 likes on 2023-09-25T17:08:30.000Z,Instagram,Dolce and Gabanna
Dolce and Gabanna,ğŸ–¤ğŸ–¤,0 likes on 2023-09-25T21:47:51.000Z,Instagram,Dolce and Gabanna
Dolce and Gabanna,One of the best collections I've seen. Extremely beautiful and sexy ğŸ–¤,0 likes on 2023-09-26T04:09:40.000Z,Instagram,Dolce and Gabanna
Dolce and Gabanna,@dalila_altamura7 ğŸ˜,1 likes on 2023-09-26T10:12:08.000Z,Instagram,Dolce and Gabanna
Dolce and Gabanna,ĞšÑ‚Ğ¾ Ñ‚Ğ°Ğ¼ Ñ‚Ğ°ĞºĞ°Ñ Ğ·Ğ´Ğ¾Ñ€Ğ¾Ğ²Ğ°Ñ Ğ¼Ğ¾Ğ´ĞµĞ»ÑŒ?ğŸ§,0 likes on 2023-09-26T11:31:42.000Z,Instagram,Dolce and Gabanna
Dolce and Gabanna,Just responded back to your dm,0 likes on 2023-09-26T16:25:22.000Z,Instagram,Dolce and Gabanna
Dolce and Gabanna,@francydecarlo_96 ti stavo per taggare io! FemminilitÃ  ed eleganza infinite! Ciao ciao ventenni ğŸ˜,0 likes on 2023-09-26T17:31:10.000Z,Instagram,Dolce and Gabanna
Dolce and Gabanna,@francydecarlo_96 e poi gli abiti.... ciaone â¤ï¸ğŸ˜ğŸ˜ğŸ˜,1 likes on 2023-09-26T17:31:40.000Z,Instagram,Dolce and Gabanna
Dolce and Gabanna,@a.razumovich En la cama con l@ novie,0 likes on 2023-09-29T03:45:33.000Z,Instagram,Dolce and Gabanna
Dolce and Gabanna,ğŸ–¤ğŸ–¤ğŸ–¤,0 likes on 2023-09-29T13:45:51.000Z,Instagram,Dolce and Gabanna
Dolce and Gabanna,â¤ï¸,0 likes on 2023-09-30T07:24:01.000Z,Instagram,Dolce and Gabanna
Dolce and Gabanna,@kimkardashian,0 likes on 2023-10-21T03:35:18.000Z,Instagram,Dolce and Gabanna
Uniqlo,Did you ship to Saudi Arabia?,0 likes on 2024-03-06T16:05:04.000Z,Instagram,Uniqlo
Uniqlo,"Recently on my trip, I am very disappointed with the service at Uniqlo store in Indonesia. Whenever I reached out to one of the shop assistants at the stores, she will say she has something else to do and transfer me to other shop assistant who will do the same thing with different way. I am very disappointed.",0 likes on 2024-03-07T03:49:50.000Z,Instagram,Uniqlo
Uniqlo,Come to Brazil. Please. I love this store!â¤ï¸,0 likes on 2024-03-09T18:04:55.000Z,Instagram,Uniqlo
Uniqlo,@delicious.rendezvous We're sorry to hear about your experience at our store. Please feel free to DM us with more details so we can address your concerns and assist you further.,0 likes on 2024-03-13T04:45:31.000Z,Instagram,Uniqlo
Uniqlo,Thank you for standing with the refugeesğŸ‘ğŸ‘ğŸ‘ğŸ‘ have already been buying from here and will continue to support thank you!,38 likes on 2024-03-13T14:21:42.000Z,Instagram,Uniqlo
Uniqlo,Free Palestine ğŸ‡µğŸ‡¸,34 likes on 2024-03-13T19:03:48.000Z,Instagram,Uniqlo
Uniqlo,@mikercflyer Genocide lover,22 likes on 2024-03-14T06:42:55.000Z,Instagram,Uniqlo
Uniqlo,@uniqlo my loyalty belongs to companies who serve humanity and I heard what youâ€™re doing to support  those who are experiences cold and hardship in the world. All my respect to you,2 likes on 2024-03-14T09:42:37.000Z,Instagram,Uniqlo
Uniqlo,@karmakassem There was no war on Oct 6,0 likes on 2024-03-14T10:20:19.000Z,Instagram,Uniqlo
Uniqlo,Open in Dubai please ğŸ˜¢,0 likes on 2024-03-14T10:27:34.000Z,Instagram,Uniqlo
Uniqlo,Tks ğŸ™ğŸ»ğŸ‡µğŸ‡¸ğŸ‡µğŸ‡¸,0 likes on 2024-03-14T21:56:40.000Z,Instagram,Uniqlo
Uniqlo,"Please, open a Uniqlo store in Peru. ğŸ¥º",0 likes on 2024-03-16T01:17:03.000Z,Instagram,Uniqlo
Uniqlo,ğŸ‡µğŸ‡¸ğŸ‡µğŸ‡¸ğŸ‡µğŸ‡¸ğŸ‡µğŸ‡¸ğŸ‡µğŸ‡¸ğŸ‡µğŸ‡¸ğŸ‡µğŸ‡¸ğŸ‡µğŸ‡¸ğŸ‡µğŸ‡¸ğŸ‡µğŸ‡¸ğŸ‡µğŸ‡¸ğŸ‡µğŸ‡¸ğŸ‡µğŸ‡¸ğŸ‡µğŸ‡¸ğŸ‡µğŸ‡¸ğŸ‡µğŸ‡¸ğŸ‡µğŸ‡¸ğŸ‡µğŸ‡¸ğŸ‡µğŸ‡¸ğŸ‡µğŸ‡¸ğŸ‡µğŸ‡¸ğŸ‡µğŸ‡¸ğŸ‡µğŸ‡¸ğŸ‡µğŸ‡¸ğŸ‡µğŸ‡¸â¤ï¸â¤ï¸â¤ï¸â¤ï¸â¤ï¸â¤ï¸â¤ï¸â¤ï¸â¤ï¸â¤ï¸â¤ï¸â¤ï¸,33 likes on 2024-03-16T08:21:35.000Z,Instagram,Uniqlo
Uniqlo,At laaaaaaaaaast a Brand with a conscious â¤ï¸ğŸ¤ğŸ’šğŸ–¤,0 likes on 2024-03-17T01:11:51.000Z,Instagram,Uniqlo
Uniqlo,ğŸ¤ğŸ¤ğŸ¤,0 likes on 2024-03-17T02:21:22.000Z,Instagram,Uniqlo
Uniqlo,The best,0 likes on 2024-03-17T16:27:01.000Z,Instagram,Uniqlo
Uniqlo,"Absolutely unacceptable customer service. 

 Store has MISLABELED sizing. I donâ€™t have my receipt anymore cause who checks the size again before throwing it in the washer? Store refuses to offer an exchange nor offer a store credit. 

 So you made a mistake and I have to take the blame?",0 likes on 2024-03-18T02:04:55.000Z,Instagram,Uniqlo
Uniqlo,Thanks @uniqlo for standing with palestineğŸ‡µğŸ‡¸â¤ï¸,7 likes on 2024-03-18T02:06:14.000Z,Instagram,Uniqlo
Uniqlo,ğŸ˜ğŸ˜ğŸ˜ğŸ˜ğŸ˜,0 likes on 2024-03-18T04:43:41.000Z,Instagram,Uniqlo
Uniqlo,Are you support Palestine really ?? I see,0 likes on 2024-03-18T04:52:50.000Z,Instagram,Uniqlo
Uniqlo,@uniqlousa Ğ²ĞµÑ€Ğ½Ğ¸Ñ‚ĞµÑÑŒ. Ğ¯ Ğ²ÑĞµ Ğ¿Ñ€Ğ¾Ñ‰Ñƒ.,0 likes on 2024-03-18T05:03:07.000Z,Instagram,Uniqlo
Uniqlo,ğŸ˜ğŸ˜ Thankyou Uniqlo,0 likes on 2024-03-18T05:47:31.000Z,Instagram,Uniqlo
Uniqlo,RESPECT,0 likes on 2024-03-18T11:12:13.000Z,Instagram,Uniqlo
Uniqlo,ğŸ˜ğŸ˜,0 likes on 2024-03-18T11:36:34.000Z,Instagram,Uniqlo
Uniqlo,Bravo UNIQLO â™¥ï¸ makin cinta sama brand ini...semoga selalu ramai dan ramai,0 likes on 2024-03-18T11:47:17.000Z,Instagram,Uniqlo
Uniqlo,Thankyou for support children's in Gaza â¤ï¸â¤ï¸â¤ï¸,0 likes on 2024-03-18T12:33:20.000Z,Instagram,Uniqlo
Uniqlo,ğŸ”¥â¤ï¸â¤ï¸,0 likes on 2024-03-18T12:35:42.000Z,Instagram,Uniqlo
Uniqlo,Thanks Uniqlo â¤ï¸ğŸ‡µğŸ‡¸,0 likes on 2024-03-18T12:47:33.000Z,Instagram,Uniqlo
Uniqlo,Thankyou for standing with palestine â¤ï¸,0 likes on 2024-03-18T14:02:41.000Z,Instagram,Uniqlo
Uniqlo,â¤â¤â¤â¤,0 likes on 2024-03-18T22:59:48.000Z,Instagram,Uniqlo
Uniqlo,ğŸ‡µğŸ‡¸ğŸ‡µğŸ‡¸ğŸ‡µğŸ‡¸ğŸ‡µğŸ‡¸ğŸ‡µğŸ‡¸â¤ï¸â¤ï¸â¤ï¸â¤ï¸,0 likes on 2024-03-18T23:38:21.000Z,Instagram,Uniqlo
Uniqlo,â¤â¤â¤â¤,0 likes on 2024-03-19T01:35:03.000Z,Instagram,Uniqlo
Uniqlo,"Thank you for standing with Palestine. Free Palestine, love Palestine â¤ï¸",0 likes on 2024-03-19T06:11:53.000Z,Instagram,Uniqlo
Uniqlo,@mikercflyer go fly your plane straight to hell mike,0 likes on 2024-03-19T07:23:10.000Z,Instagram,Uniqlo
Uniqlo,thank you @uniqlo ğŸ‘â¤ğŸ‡µğŸ‡¸ will continue to support you âœ¨,0 likes on 2024-03-20T05:18:29.000Z,Instagram,Uniqlo
Uniqlo,@mikercflyer wake up and check your head,0 likes on 2024-03-20T08:14:44.000Z,Instagram,Uniqlo
Uniqlo,Thank you @uniqlo @uniqlophofficial â¤ï¸ standing strong with ğŸ‡µğŸ‡¸,0 likes on 2024-03-20T15:39:53.000Z,Instagram,Uniqlo
Uniqlo,@zoelane I have had the same issue!! â˜¹ï¸ returned 9 items and theyâ€™re swearing blind there were only 4 in the parcel and they â€œcanâ€™t help me furtherâ€,0 likes on 2024-03-20T21:54:01.000Z,Instagram,Uniqlo
Uniqlo,Uniqlo the best ğŸ”¥ğŸ”¥ğŸ”¥ğŸ”¥ğŸ”¥,0 likes on 2024-03-21T03:04:53.000Z,Instagram,Uniqlo
Uniqlo,"@uniqlofr @uniqlo @uniqloeurope  Why collection ""T-SHIRT GRAPHIQUE UT MOFUSAND ENFANT"" (13y/160cm) not more available in Strasbourg store ? ğŸ¥²",0 likes on 2024-03-22T05:59:08.000Z,Instagram,Uniqlo
Uniqlo,,2 likes on 2024-03-22T07:43:07.000Z,Instagram,Uniqlo
Uniqlo,"Customer care attention really poor in Spain. They donâ€™t even listen or understand the problem. Seems to be talking with a machine always giving automatic answers and not helping at all. If you have any problem with your bought article donâ€™t expect any assistance at all. You are going to loose your time sending pictures and getting very stupid, useless and polite answers.",0 likes on 2024-03-22T13:19:22.000Z,Instagram,Uniqlo
Uniqlo,Thank you for standing with our brothers and sisters facing oppression in Palestine ğŸ‡µğŸ‡¸,6 likes on 2024-03-22T21:37:42.000Z,Instagram,Uniqlo
Uniqlo,ğŸ‡µğŸ‡¸ğŸ«¶ğŸ½,0 likes on 2024-03-23T04:18:30.000Z,Instagram,Uniqlo
Uniqlo,when is the uniqlo collaboration ines de la fressange summer 2024 coming? @uniqlo,0 likes on 2024-03-23T06:14:41.000Z,Instagram,Uniqlo
Uniqlo,Respect,0 likes on 2024-03-23T18:45:18.000Z,Instagram,Uniqlo
Uniqlo,Lets Buy a lot of comfy shirt from Uniqlo...YES,0 likes on 2024-03-24T05:57:01.000Z,Instagram,Uniqlo
Uniqlo,ğŸ‡µğŸ‡¸ğŸ‡µğŸ‡¸ğŸ‡µğŸ‡¸ğŸ‡µğŸ‡¸ğŸ‡µğŸ‡¸ğŸ‡µğŸ‡¸ğŸ‡µğŸ‡¸ğŸ‡µğŸ‡¸ğŸ‡µğŸ‡¸ğŸ‡µğŸ‡¸ğŸ‡µğŸ‡¸ğŸ‡µğŸ‡¸ğŸ‡µğŸ‡¸ğŸ‡µğŸ‡¸ğŸ‡µğŸ‡¸ğŸ‡µğŸ‡¸ğŸ‡µğŸ‡¸ğŸ‡µğŸ‡¸ğŸ‡µğŸ‡¸ğŸ‡µğŸ‡¸ğŸ‡µğŸ‡¸â¤â¤â¤â¤â¤â¤â¤â¤ support Uniqlo,0 likes on 2024-03-24T15:51:54.000Z,Instagram,Uniqlo
Uniqlo,"Thanks you, for support palestine â¤ï¸â¤ï¸â¤ï¸â¤ï¸â¤ï¸â¤ï¸â¤ï¸â¤ï¸",0 likes on 2024-03-25T12:16:10.000Z,Instagram,Uniqlo
Uniqlo,"It's not in vain that I have lots of Uniqlo products, keep standing in the truthâ¤ï¸ğŸ‘",0 likes on 2024-03-26T21:33:28.000Z,Instagram,Uniqlo
Gucci,Always Gucci â¤ï¸ğŸ‘ğŸ‘,1 likes on 2023-09-23T08:44:55.000Z,Instagram,Gucci
Gucci,Nice...ğŸ˜ğŸ˜ğŸ”¥ğŸ”¥,2 likes on 2023-09-23T10:42:34.000Z,Instagram,Gucci
Gucci,Dsquared2 meets Dolce&Gabbana ğŸ˜®,1 likes on 2023-09-23T10:43:31.000Z,Instagram,Gucci
Gucci,Just no.,3 likes on 2023-09-23T11:48:02.000Z,Instagram,Gucci
Gucci,L@jakob_bergen r u Segway agent?,0 likes on 2023-09-23T12:04:56.000Z,Instagram,Gucci
Gucci,@jakob_bergen,0 likes on 2023-09-23T12:05:12.000Z,Instagram,Gucci
Gucci,ğŸ˜ğŸ˜ğŸ˜,3 likes on 2023-09-23T12:55:21.000Z,Instagram,Gucci
Gucci,Finally something classy from gucci and not logo hell,91 likes on 2023-09-23T14:07:56.000Z,Instagram,Gucci
Gucci,ğŸ”¥ğŸ”¥ğŸ”¥ğŸ”¥,3 likes on 2023-09-23T14:32:33.000Z,Instagram,Gucci
Gucci,ğŸ˜ğŸ˜ğŸ˜ğŸ˜,2 likes on 2023-09-23T17:26:20.000Z,Instagram,Gucci
Gucci,How I join these models?ğŸ˜¢ğŸ˜,0 likes on 2023-09-24T01:04:25.000Z,Instagram,Gucci
Gucci,It looks a bit like Numero Ventuno,0 likes on 2023-09-24T01:07:49.000Z,Instagram,Gucci
Gucci,ğŸ”¥,0 likes on 2023-09-24T03:02:01.000Z,Instagram,Gucci
Gucci,"@hbbonline si invece.... Sembra il vero gucci! Il gucci creato dai fondatori, io gucci di Tom Ford. La parentesi Michele ha stravolto tutta l'estetica gucci per questo le persone non ricordano piÃ¹ gucci",6 likes on 2023-09-24T06:21:15.000Z,Instagram,Gucci
Gucci,"@ecapsmai non Ã¨ cosÃ¬! Gucci era questo primz di Michele. Il proprietario ha creato questa estetica, Tom Ford ha creato questa estetica. Alessandro Michele ha completamente stravolto i codici Gucci per cui le  persone che non hanno un backgroung completo come te non riconoscono piÃ¹ Gucci in quanto associato ad una parentesi della storia di gucci",0 likes on 2023-09-24T06:24:07.000Z,Instagram,Gucci
Gucci,"@falcone_giuseppe_ At least he stuck to the original signature palette. Tom Ford, it was something new for Gucci, but not unique, it was the worst years for Gucci.",0 likes on 2023-09-24T07:46:44.000Z,Instagram,Gucci
Gucci,@ecapsmai it was the best years for Gucci,0 likes on 2023-09-24T08:10:10.000Z,Instagram,Gucci
Gucci,Obsessed ğŸ”¥,0 likes on 2023-09-24T08:30:49.000Z,Instagram,Gucci
Gucci,"@falcone_giuseppe_ Michele had a subtle and bold appeal to the past, the vintage aesthetic and intellectual chic of Gucci that Tom Ford once ignored.

Nevertheless, there are as many opinions as there are people. I don't have time to prove anything to you.
If you know the history of Gucci, go read it again.
Have a nice day.",0 likes on 2023-09-24T09:48:45.000Z,Instagram,Gucci
Gucci,"Non sembra Tom Ford non sembra Gucci non sembra Alessandro Michele sembra un fast fashion qualunque molto banale. Io non ho visto un marchio valorizzato e brendizzato attraverso il logo ma solo una griffe storica rappresentata molto male. 
Direi per caritÃ  !!!",3 likes on 2023-09-24T10:46:15.000Z,Instagram,Gucci
Gucci,"A modern classic way, yeass",0 likes on 2023-09-24T11:46:25.000Z,Instagram,Gucci
Gucci,MANY THINGS ARE REALLY GREAT,0 likes on 2023-09-24T12:08:48.000Z,Instagram,Gucci
Gucci,â¤ï¸â¤ï¸amazing ğŸ‘Œ,0 likes on 2023-09-24T12:14:11.000Z,Instagram,Gucci
Gucci,"Italians bringing back clean , fresh , modern wearble fashion ğŸ’šğŸ¤â¤ï¸ viva Italia ğŸ‡®ğŸ‡¹ğŸ§¿ğŸ‘ğŸ¼ğŸ‘ğŸ¼",0 likes on 2023-09-24T12:57:31.000Z,Instagram,Gucci
Gucci,ğŸ¥°ğŸ¥°ğŸ¥°ğŸ‘ğŸ‘ğŸ‘,0 likes on 2023-09-24T13:52:21.000Z,Instagram,Gucci
Gucci,not bad but i prefer gucci by alessandro michele,0 likes on 2023-09-24T17:08:36.000Z,Instagram,Gucci
Gucci,Beautiful â¤ï¸ğŸ™Œ,0 likes on 2023-09-24T17:56:25.000Z,Instagram,Gucci
Gucci,This ainâ€™t Gucci,0 likes on 2023-09-24T20:37:16.000Z,Instagram,Gucci
Gucci,ğŸ”¥ğŸ”¥,0 likes on 2023-09-24T23:14:58.000Z,Instagram,Gucci
Gucci,Unparalleled ğŸ”¥ğŸ”¥,0 likes on 2023-09-25T05:54:29.000Z,Instagram,Gucci
Gucci,ğŸ˜ğŸ˜ğŸ˜,0 likes on 2023-09-25T10:04:06.000Z,Instagram,Gucci
Gucci,â¤ï¸,0 likes on 2023-09-25T14:53:48.000Z,Instagram,Gucci
Gucci,ğŸ˜,0 likes on 2023-09-25T16:09:12.000Z,Instagram,Gucci
Gucci,Wow!!ğŸ«§ğŸ¦‹ğŸ¦„ğŸ’ğŸ’–,0 likes on 2023-09-25T16:28:35.000Z,Instagram,Gucci
Gucci,,0 likes on 2023-09-25T16:28:38.000Z,Instagram,Gucci
Gucci,Boring ahh collection,0 likes on 2023-09-25T17:36:29.000Z,Instagram,Gucci
Gucci,ğŸ™ŒğŸ”¥,0 likes on 2023-09-26T08:02:02.000Z,Instagram,Gucci
Gucci,idk how to feel abt it itâ€™s not GUCCI anymore yk? itâ€™s just gucci now,0 likes on 2023-09-27T03:44:04.000Z,Instagram,Gucci
Gucci,ğŸ˜ğŸ˜ğŸ‘,0 likes on 2023-09-27T11:57:39.000Z,Instagram,Gucci
Gucci,The cleanness of these looks ğŸ¤ŒğŸ¼,0 likes on 2023-09-27T11:58:04.000Z,Instagram,Gucci
Gucci,ğŸ”¥ğŸ”¥ğŸ”¥ğŸ˜ğŸ˜â¤ï¸,0 likes on 2023-09-28T23:18:51.000Z,Instagram,Gucci
Gucci,donâ€™t looks styles Gucci ğŸ˜­ğŸ˜­,0 likes on 2023-09-30T18:03:59.000Z,Instagram,Gucci
Gucci,Itâ€™s giving Zara,0 likes on 2023-09-30T20:21:55.000Z,Instagram,Gucci
Gucci,no more flower print iâ€™m so glad,0 likes on 2023-10-01T04:46:07.000Z,Instagram,Gucci
Gucci,Loved this show,0 likes on 2023-10-02T09:30:20.000Z,Instagram,Gucci
Gucci,Arrasam muito! â¤ï¸,0 likes on 2023-10-02T16:36:18.000Z,Instagram,Gucci
Gucci,Mais oÃ¹ sont passÃ©s les seins des. Filles ???,0 likes on 2023-10-06T11:40:39.000Z,Instagram,Gucci
Gucci,It just looks like something I would find at Ross,0 likes on 2023-10-07T07:41:47.000Z,Instagram,Gucci
Charles & Keith,Yay! Innovation â¤ï¸â¤ï¸â¤ï¸,1 likes on 2024-03-14T07:10:13.000Z,Instagram,Charles & Keith
Charles & Keith,Just wow!ğŸ˜ğŸ˜ğŸ˜,4 likes on 2024-03-14T07:16:33.000Z,Instagram,Charles & Keith
Charles & Keith,ğŸ˜ğŸ˜ğŸ˜,1 likes on 2024-03-14T08:33:33.000Z,Instagram,Charles & Keith
Charles & Keith,Petition to reverse the decision. We loved the old logo ğŸ¥²,155 likes on 2024-03-14T08:41:31.000Z,Instagram,Charles & Keith
Charles & Keith,ğŸ¤®,0 likes on 2024-03-14T08:42:08.000Z,Instagram,Charles & Keith
Charles & Keith,@eatzzz_ sgçš„å¾ˆç¾ğŸ¥¹,0 likes on 2024-03-14T08:55:24.000Z,Instagram,Charles & Keith
Charles & Keith,The new logo is so ugly. Would prefer the old one,42 likes on 2024-03-14T09:28:56.000Z,Instagram,Charles & Keith
Charles & Keith,Logo is giving calvin klein ğŸ™…ğŸ»â€â™€ï¸,29 likes on 2024-03-14T09:55:12.000Z,Instagram,Charles & Keith
Charles & Keith,"Noo, it looks copycat",19 likes on 2024-03-14T10:25:34.000Z,Instagram,Charles & Keith
Charles & Keith,Look ugly and old ğŸ¥¸,2 likes on 2024-03-14T10:42:39.000Z,Instagram,Charles & Keith
Charles & Keith,Love the new initial. ğŸ˜,2 likes on 2024-03-14T11:27:34.000Z,Instagram,Charles & Keith
Charles & Keith,i thiught itsCalvin Klein,3 likes on 2024-03-14T14:06:59.000Z,Instagram,Charles & Keith
Charles & Keith,ğŸ˜ğŸ˜ğŸ˜,1 likes on 2024-03-14T15:06:59.000Z,Instagram,Charles & Keith
Charles & Keith,Missing the old logoğŸ˜¢,5 likes on 2024-03-15T00:20:58.000Z,Instagram,Charles & Keith
Charles & Keith,Its giving Bonia ğŸ˜µâ€ğŸ’«,1 likes on 2024-03-15T04:11:42.000Z,Instagram,Charles & Keith
Charles & Keith,The old fashion looking logo set the brand back by 50 years. Plaster logo all over the place is such a dated loud retail design. Such a pity our local trendy aspiring brand has moved from chic to cheap.,26 likes on 2024-03-15T04:27:45.000Z,Instagram,Charles & Keith
Charles & Keith,Copycat vibe. You should do better that,0 likes on 2024-03-15T04:35:15.000Z,Instagram,Charles & Keith
Charles & Keith,CK department store at Chinatown,7 likes on 2024-03-15T06:00:59.000Z,Instagram,Charles & Keith
Charles & Keith,Nice!! I love how the monogram transform the brand. Good job!,1 likes on 2024-03-15T06:43:59.000Z,Instagram,Charles & Keith
Charles & Keith,Whatâ€™s wrong with the old logo ğŸ¥²ğŸ˜­,8 likes on 2024-03-15T07:12:01.000Z,Instagram,Charles & Keith
Charles & Keith,Wow! I wanna visit soon! ğŸ˜,1 likes on 2024-03-15T09:53:46.000Z,Instagram,Charles & Keith
Charles & Keith,The new logo is giving taoba0 vibe ğŸ˜­,0 likes on 2024-03-15T10:44:08.000Z,Instagram,Charles & Keith
Charles & Keith,Most comfortable heels around.,0 likes on 2024-03-15T11:31:48.000Z,Instagram,Charles & Keith
Charles & Keith,@eileeeeeennteo è¦å»æµªå—?,1 likes on 2024-03-15T11:56:12.000Z,Instagram,Charles & Keith
Charles & Keith,"If it ainâ€™t broke, donâ€™t fix it ğŸ’€",7 likes on 2024-03-15T12:22:24.000Z,Instagram,Charles & Keith
Charles & Keith,Ur new logo looks like the calvin klein or the ck that sells very cheap pads,0 likes on 2024-03-15T13:51:22.000Z,Instagram,Charles & Keith
Charles & Keith,"I love the old logoğŸ«¢ New logo feels too old, is there a change of targetting shoppersğŸ˜‚?",2 likes on 2024-03-15T14:23:52.000Z,Instagram,Charles & Keith
Charles & Keith,Yuck,0 likes on 2024-03-15T14:49:51.000Z,Instagram,Charles & Keith
Charles & Keith,@z.uenn can HAHAHAHAHAHA,0 likes on 2024-03-15T16:02:30.000Z,Instagram,Charles & Keith
Charles & Keith,gorgeoussâ¤,1 likes on 2024-03-15T16:28:38.000Z,Instagram,Charles & Keith
Charles & Keith,Petition for a store in LondonğŸ¥²,0 likes on 2024-03-15T22:31:36.000Z,Instagram,Charles & Keith
Charles & Keith,And much more original ang classic right?!!!!,0 likes on 2024-03-15T22:32:11.000Z,Instagram,Charles & Keith
Charles & Keith,ğŸ˜ğŸ˜ğŸ˜ğŸ˜ğŸ˜,1 likes on 2024-03-16T02:27:29.000Z,Instagram,Charles & Keith
Charles & Keith,The new logo makes everything look cheap,2 likes on 2024-03-16T13:19:35.000Z,Instagram,Charles & Keith
Charles & Keith,â¤ï¸â¤ï¸â¤ï¸,1 likes on 2024-03-17T02:22:01.000Z,Instagram,Charles & Keith
Charles & Keith,ğŸ˜ğŸ˜,0 likes on 2024-03-17T16:43:44.000Z,Instagram,Charles & Keith
Charles & Keith,Please donâ€™t bring this type of logo in PH. We want the old logo. This make the charles & keith brand looks cheap.,1 likes on 2024-03-17T17:52:46.000Z,Instagram,Charles & Keith
Louis Vuitton,#paris #parisfashionweek #pfw,3 likes on 2023-10-02T21:20:45.000Z,Instagram,Louis Vuitton
Louis Vuitton,@Europe._.exploreâ¬…ï¸â‰‹Dâ‰‹m,1 likes on 2023-10-02T21:22:13.000Z,Instagram,Louis Vuitton
Louis Vuitton,ğŸ˜ğŸ˜,2 likes on 2023-10-02T21:38:43.000Z,Instagram,Louis Vuitton
Louis Vuitton,ğŸ˜ğŸ˜,1 likes on 2023-10-02T22:03:41.000Z,Instagram,Louis Vuitton
Louis Vuitton,ğŸ˜ğŸ”¥ğŸ”¥ğŸ”¥,1 likes on 2023-10-02T22:18:26.000Z,Instagram,Louis Vuitton
Louis Vuitton,â¤ï¸ğŸ˜ğŸ‘,3 likes on 2023-10-02T22:18:29.000Z,Instagram,Louis Vuitton
Louis Vuitton,ğŸ”¥ğŸ”¥ğŸ”¥,1 likes on 2023-10-02T22:18:30.000Z,Instagram,Louis Vuitton
Louis Vuitton,ğŸ˜â¤ï¸,1 likes on 2023-10-02T22:35:12.000Z,Instagram,Louis Vuitton
Louis Vuitton,ğŸ‘ŒğŸ¿ğŸ‘ŒğŸ¿,2 likes on 2023-10-02T23:22:44.000Z,Instagram,Louis Vuitton
Louis Vuitton,Wow ğŸ˜,2 likes on 2023-10-02T23:48:44.000Z,Instagram,Louis Vuitton
Louis Vuitton,Gorgeous,2 likes on 2023-10-02T23:49:26.000Z,Instagram,Louis Vuitton
Louis Vuitton,"Ğ¡Ğ¾Ñ‡Ğ½Ğ¾,ÑÑ€ĞºĞ¾ğŸ”¥ĞºĞ°Ğº Ğ¶Ğµ Ğ¼Ğ½Ğµ ÑÑ‚Ğ¾ Ğ½Ñ€Ğ°Ğ²Ğ¸Ñ‚ÑÑâ¤ï¸",3 likes on 2023-10-03T02:02:30.000Z,Instagram,Louis Vuitton
Louis Vuitton,ğŸ‘ğŸ‘ğŸ‘ğŸ‘,2 likes on 2023-10-03T03:05:42.000Z,Instagram,Louis Vuitton
Louis Vuitton,ğŸ”¥ğŸ”¥ğŸ”¥ğŸ˜,2 likes on 2023-10-03T05:57:19.000Z,Instagram,Louis Vuitton
Louis Vuitton,Walking Eating Disorders,7 likes on 2023-10-03T06:26:26.000Z,Instagram,Louis Vuitton
Louis Vuitton,But have you checked out Solgo ateliers new collection?,1 likes on 2023-10-03T06:27:46.000Z,Instagram,Louis Vuitton
Louis Vuitton,J'adore la mode ğŸ˜ğŸ˜,2 likes on 2023-10-03T07:10:10.000Z,Instagram,Louis Vuitton
Louis Vuitton,@fashionweek â¤ï¸,0 likes on 2023-10-03T07:10:16.000Z,Instagram,Louis Vuitton
Louis Vuitton,ğŸ‘ğŸ¼ ğŸ“· ğŸ§¡,1 likes on 2023-10-03T07:13:34.000Z,Instagram,Louis Vuitton
Louis Vuitton,ğŸ˜ğŸ˜â¤ï¸,2 likes on 2023-10-03T08:18:11.000Z,Instagram,Louis Vuitton
Louis Vuitton,âœ¨ğŸ’¥ğŸ«¶ğŸ¼ğŸ‘Œ,2 likes on 2023-10-03T08:21:40.000Z,Instagram,Louis Vuitton
Louis Vuitton,Unhealthy role models for young girls and women!,2 likes on 2023-10-03T09:32:35.000Z,Instagram,Louis Vuitton
Louis Vuitton,@ginnyliebtdensommer just say ur insecure lmao,0 likes on 2023-10-03T13:33:00.000Z,Instagram,Louis Vuitton
Louis Vuitton,"@scalli._ nope, i am sure about this ğŸ˜˜",0 likes on 2023-10-03T14:13:10.000Z,Instagram,Louis Vuitton
Louis Vuitton,â¤ï¸ğŸ”¥,2 likes on 2023-10-04T04:46:09.000Z,Instagram,Louis Vuitton
Louis Vuitton,Louis Vuitton just show up at this point,2 likes on 2023-10-04T07:43:18.000Z,Instagram,Louis Vuitton
Louis Vuitton,ğŸ”¥ğŸ”¥ğŸ”¥,1 likes on 2023-10-04T10:48:42.000Z,Instagram,Louis Vuitton
Louis Vuitton,@ginnyliebtdensommer Very sad to,0 likes on 2023-10-04T14:45:30.000Z,Instagram,Louis Vuitton
Louis Vuitton,Not loving the BL0US0N too with the hipster belt,2 likes on 2023-10-04T14:46:51.000Z,Instagram,Louis Vuitton
Louis Vuitton,4thğŸ˜,0 likes on 2023-10-05T00:24:32.000Z,Instagram,Louis Vuitton
Louis Vuitton,ğŸ§¡,0 likes on 2023-10-05T23:33:27.000Z,Instagram,Louis Vuitton
Louis Vuitton,Would love to shoot a fashion week one of these days ğŸ”¥ğŸ”¥ outfits be on point ğŸ‘ŒğŸ¾,0 likes on 2023-10-08T01:30:33.000Z,Instagram,Louis Vuitton
Louis Vuitton,ğŸ‘,0 likes on 2023-10-09T18:51:38.000Z,Instagram,Louis Vuitton
Louis Vuitton,ğŸ‘,0 likes on 2023-10-09T18:51:41.000Z,Instagram,Louis Vuitton
Louis Vuitton,trendyğŸ˜,0 likes on 2023-10-18T08:26:32.000Z,Instagram,Louis Vuitton
JW Anderson,this is so trash (literally),16 likes on 2023-11-13T23:46:34.000Z,Instagram,JW Anderson
JW Anderson,â¤ï¸,0 likes on 2023-11-13T23:49:58.000Z,Instagram,JW Anderson
JW Anderson,I feel like I'm back at burning man,0 likes on 2023-11-14T00:03:32.000Z,Instagram,JW Anderson
JW Anderson,â¤ï¸ğŸ¤ğŸ’™ğŸ¤ğŸ’›ğŸ–¤ğŸ’šğŸ§¡ğŸ’œğŸ’–,0 likes on 2023-11-14T00:06:17.000Z,Instagram,JW Anderson
JW Anderson,ğŸ¥°ğŸ¥°ğŸ¥°â¤ï¸â¤ï¸ğŸ‘ğŸ‘,0 likes on 2023-11-14T00:14:56.000Z,Instagram,JW Anderson
JW Anderson,Garbage fashion,10 likes on 2023-11-14T00:15:32.000Z,Instagram,JW Anderson
JW Anderson,Very Shiny Clothing kind of,0 likes on 2023-11-14T00:54:58.000Z,Instagram,JW Anderson
JW Anderson,Ugh...tacky 80s trendy redone unoriginal as hell,0 likes on 2023-11-14T02:27:32.000Z,Instagram,JW Anderson
JW Anderson,â¤ï¸â¤ï¸,0 likes on 2023-11-14T03:11:12.000Z,Instagram,JW Anderson
JW Anderson,,1 likes on 2023-11-14T04:59:47.000Z,Instagram,JW Anderson
JW Anderson,MonTana X ft DjEago4ï¸âƒ£4ï¸âƒ£4ï¸âƒ£ğŸ˜ğŸ‘ï¸ğŸ‡¨ğŸ‡¦ğŸ’€â¤ï¸ğŸ•·ï¸DjEago XO CAPALOT Records Check me out on YouTube channel at MonTana X Universe,0 likes on 2023-11-14T07:26:30.000Z,Instagram,JW Anderson
JW Anderson,ğŸ‘€,0 likes on 2023-11-14T11:46:43.000Z,Instagram,JW Anderson
JW Anderson,"I think I think ... I like plastic bag indoors ONLY tho--- wouldn't be good outside in daylight, ya understand âœ”ï¸âœ”ï¸",0 likes on 2023-11-14T14:16:03.000Z,Instagram,JW Anderson
JW Anderson,ğŸ”¥ğŸ”¥,0 likes on 2023-11-14T14:18:52.000Z,Instagram,JW Anderson
JW Anderson,"I just really, really, really hope none of that is made of new materials and instead is a 100% recycled plastic",8 likes on 2023-11-14T16:14:32.000Z,Instagram,JW Anderson
JW Anderson,No,1 likes on 2023-11-14T22:24:15.000Z,Instagram,JW Anderson
JW Anderson,How long are people going to let these designers troll them lol?,4 likes on 2023-11-14T22:24:38.000Z,Instagram,JW Anderson
JW Anderson,Mocking fast fashion & consumerism while contributing to climate change. Just what we needed,0 likes on 2023-11-14T22:50:27.000Z,Instagram,JW Anderson
JW Anderson,Looks good but not comfy ğŸ”¥,0 likes on 2023-11-15T11:10:30.000Z,Instagram,JW Anderson
JW Anderson,Absolutely NOT.,2 likes on 2023-11-15T11:27:20.000Z,Instagram,JW Anderson
JW Anderson,No. Homeless people are not fashion influencers.,0 likes on 2023-11-15T13:31:42.000Z,Instagram,JW Anderson
JW Anderson,"No, just no... ğŸ˜ Honestly...just bring back wool. It's natural, sustainable, biodegradable, temperature-regulating, often has beautiful hand and sheen, it's even slightly waterproof! ğŸ™‚",0 likes on 2023-11-15T15:45:49.000Z,Instagram,JW Anderson
JW Anderson,Well done.. I lol'd for real ğŸ˜‚,1 likes on 2023-11-15T15:47:31.000Z,Instagram,JW Anderson
JW Anderson,â¤ï¸,0 likes on 2023-11-15T17:53:06.000Z,Instagram,JW Anderson
JW Anderson,no,0 likes on 2023-11-16T17:15:15.000Z,Instagram,JW Anderson
JW Anderson,These designs remind me of @christopherraxxy_official design but his have inflatable aspects ğŸ¤©,0 likes on 2023-11-16T22:45:02.000Z,Instagram,JW Anderson
JW Anderson,ğŸ˜ğŸ˜,0 likes on 2023-11-17T14:34:31.000Z,Instagram,JW Anderson
JW Anderson,"ğŸ’¥Great job, I like it, bravo! Go on!ğŸ’¥",1 likes on 2023-11-17T19:43:33.000Z,Instagram,JW Anderson
JW Anderson,ğŸ™Œ,0 likes on 2023-11-17T20:09:46.000Z,Instagram,JW Anderson
JW Anderson,,0 likes on 2023-11-20T19:54:32.000Z,Instagram,JW Anderson
JW Anderson,@historysfootnote Agreed. Let's encourage eco-friendly fashion.,1 likes on 2023-12-10T12:31:10.000Z,Instagram,JW Anderson
JW Anderson,Great for stormy weather.,0 likes on 2023-12-11T14:02:46.000Z,Instagram,JW Anderson
Prada,ğŸ”¥,2 likes on 2023-10-10T20:50:38.000Z,Instagram,Prada
Prada,Prada always finds the right balance ğŸ”¥ğŸ”¥ğŸ”¥ love the collection,2 likes on 2023-10-10T21:46:09.000Z,Instagram,Prada
Prada,ğŸ‘ğŸ‘ğŸ‘ğŸ‘ğŸ‘ğŸ‘ğŸ‘â¤ï¸â¤ï¸â¤ï¸â¤ï¸â¤ï¸ğŸ™ŒğŸ™ŒğŸ™ŒğŸ™ŒğŸ™Œ,2 likes on 2023-10-10T23:30:52.000Z,Instagram,Prada
Prada,Amazing prada collectionğŸ˜,4 likes on 2023-10-11T03:07:09.000Z,Instagram,Prada
Prada,â¤ï¸ğŸ¤ğŸ’™ğŸ’›ğŸ¤ğŸ’šğŸ–¤ğŸ’œğŸ§¡ğŸ’–,2 likes on 2023-10-11T04:31:40.000Z,Instagram,Prada
Prada,YesssğŸ”¥,1 likes on 2023-10-11T17:22:52.000Z,Instagram,Prada
Prada,ğŸ‡µğŸ‡¸ğŸ‡µğŸ‡¸ğŸ‡µğŸ‡¸ğŸ‡µğŸ‡¸ğŸ‡µğŸ‡¸ğŸ‡µğŸ‡¸ğŸ‡µğŸ‡¸ğŸ‡µğŸ‡¸ğŸ‡µğŸ‡¸ğŸ‡µğŸ‡¸ğŸ‡µğŸ‡¸ğŸ‡µğŸ‡¸ğŸ‡µğŸ‡¸ğŸ‡µğŸ‡¸ğŸ‡µğŸ‡¸ğŸ‡µğŸ‡¸ğŸ‡µğŸ‡¸ğŸ‡µğŸ‡¸ğŸ‡µğŸ‡¸ğŸ‡µğŸ‡¸ğŸ‡µğŸ‡¸,0 likes on 2023-10-14T16:06:13.000Z,Instagram,Prada
Prada,â¤ï¸,0 likes on 2023-10-26T03:25:07.000Z,Instagram,Prada
Versace,ğŸ˜ğŸ”¥ğŸ”¥ğŸ”¥ğŸ”¥,1 likes on 2024-02-23T22:33:35.000Z,Instagram,Versace
Versace,ğŸ˜ğŸ˜ğŸ˜,0 likes on 2024-02-23T22:37:13.000Z,Instagram,Versace
Versace,,0 likes on 2024-02-23T22:40:32.000Z,Instagram,Versace
Versace,ğŸ–¤ğŸ–¤ğŸ–¤,1 likes on 2024-02-23T22:42:49.000Z,Instagram,Versace
Versace,I like this one. It's very modest for people like me who live in small town to wear,2 likes on 2024-02-23T22:45:07.000Z,Instagram,Versace
Versace,Classic Versace ğŸ‘ŒğŸ»,1 likes on 2024-02-23T22:45:40.000Z,Instagram,Versace
Versace,I want to marry those girls,1 likes on 2024-02-23T22:48:25.000Z,Instagram,Versace
Versace,ğŸ”¥ğŸ”¥ğŸ”¥ğŸ”¥ğŸ‘,0 likes on 2024-02-23T22:53:05.000Z,Instagram,Versace
Versace,They look goooodd ğŸ˜,0 likes on 2024-02-23T23:10:02.000Z,Instagram,Versace
Versace,My ultimate dream,0 likes on 2024-02-23T23:16:37.000Z,Instagram,Versace
Versace,ğŸ”¥ğŸ”¥,0 likes on 2024-02-23T23:43:05.000Z,Instagram,Versace
Versace,ğŸ¥±,0 likes on 2024-02-24T00:42:51.000Z,Instagram,Versace
Versace,,0 likes on 2024-02-24T01:43:40.000Z,Instagram,Versace
Versace,ğŸ˜ğŸ˜ğŸ˜ğŸ˜ğŸ˜ğŸ˜,0 likes on 2024-02-24T01:45:08.000Z,Instagram,Versace
Versace,ğŸ”¥ğŸ”¥ğŸ”¥,0 likes on 2024-02-24T02:00:27.000Z,Instagram,Versace
Versace,Omg somebody please tell me the name of this song,0 likes on 2024-02-24T03:33:38.000Z,Instagram,Versace
Versace,@custom_gold_jewelers princess going digital,1 likes on 2024-02-24T04:08:56.000Z,Instagram,Versace
Versace,What an experience these artists really know how to create,0 likes on 2024-02-24T04:16:38.000Z,Instagram,Versace
Versace,ğŸ”¥ğŸ”¥ğŸ”¥,0 likes on 2024-02-24T04:17:25.000Z,Instagram,Versace
Versace,I know that's right,0 likes on 2024-02-24T04:17:38.000Z,Instagram,Versace
Versace,The Walk ğŸ™Œâœ¨ğŸ‘‘,0 likes on 2024-02-24T04:53:01.000Z,Instagram,Versace
Versace,â¤â¤ğŸ”¥ğŸ”¥ğŸ”¥ğŸ”¥,0 likes on 2024-02-24T05:17:45.000Z,Instagram,Versace
Versace,â¤ï¸ğŸ”¥,0 likes on 2024-02-24T05:33:18.000Z,Instagram,Versace
Versace,ğŸ‘ğŸ‘ğŸ‘ğŸ‘ğŸ‘ğŸ”¥,0 likes on 2024-02-24T06:11:32.000Z,Instagram,Versace
Versace,Love aspects of the collection.,0 likes on 2024-02-24T06:20:23.000Z,Instagram,Versace
Versace,Look at you goğŸ˜ amazing so proud of you @jacobrott ğŸ™ŒğŸ™Œ,1 likes on 2024-02-24T06:39:16.000Z,Instagram,Versace
Versace,ğŸ”¥ğŸ”¥ğŸ”¥,0 likes on 2024-02-24T06:39:37.000Z,Instagram,Versace
Versace,ğŸ”¥ğŸ”¥ğŸ”¥,0 likes on 2024-02-24T06:40:18.000Z,Instagram,Versace
Versace,WowğŸ”¥ğŸ”¥ğŸ”¥,0 likes on 2024-02-24T07:18:32.000Z,Instagram,Versace
Versace,ğŸ”¥ğŸ”¥ğŸ”¥ğŸ˜,0 likes on 2024-02-24T08:19:34.000Z,Instagram,Versace
Versace,So dreamy:),0 likes on 2024-02-24T08:31:24.000Z,Instagram,Versace
Versace,â¤,0 likes on 2024-02-24T09:47:17.000Z,Instagram,Versace
Versace,ğŸ‘ğŸ™ŒğŸ”¥â¤ğŸ’™ğŸ™ğŸ‡«ğŸ‡·,0 likes on 2024-02-24T09:50:39.000Z,Instagram,Versace
Versace,ğŸ”¥ğŸ”¥ğŸ”¥ğŸ”¥ğŸ’£ğŸ’£ğŸ’£ğŸ’£,0 likes on 2024-02-24T10:32:51.000Z,Instagram,Versace
Versace,ğŸ˜ğŸ˜,0 likes on 2024-02-24T10:52:28.000Z,Instagram,Versace
Versace,Everything in it ğŸ¥°,0 likes on 2024-02-24T11:04:31.000Z,Instagram,Versace
Versace,Imaan,0 likes on 2024-02-24T11:26:10.000Z,Instagram,Versace
Versace,Imaaan....everytimeğŸ”¥ğŸ”¥ğŸ”¥ğŸ”¥ğŸ”¥,1 likes on 2024-02-24T13:04:07.000Z,Instagram,Versace
Versace,ğŸ˜ğŸ˜ğŸ˜ğŸ˜ğŸ˜,0 likes on 2024-02-24T13:52:50.000Z,Instagram,Versace
Versace,#cancelVersace #EndjewHatred #dybbuk #AmIsraelChai,0 likes on 2024-02-24T14:03:49.000Z,Instagram,Versace
Versace,ğŸ‘ğŸ¾ğŸ‘ğŸ¾ğŸ‘ğŸ¾,0 likes on 2024-02-24T17:12:26.000Z,Instagram,Versace
Versace,Love the red fog tooth coat,0 likes on 2024-02-24T18:26:05.000Z,Instagram,Versace
Versace,Maravilla,0 likes on 2024-02-25T10:14:58.000Z,Instagram,Versace
Versace,One day I am with them ğŸ™ŒğŸ”¥ğŸ‘,0 likes on 2024-02-26T08:16:27.000Z,Instagram,Versace
Versace,Showstopper? I think not. It has transcended beyond mortal words. ğŸ˜ğŸ˜ğŸ˜,0 likes on 2024-02-26T20:08:34.000Z,Instagram,Versace
Versace,@bibikuijper,0 likes on 2024-02-27T15:27:15.000Z,Instagram,Versace
Versace,Gigi hadid. ğŸ˜â¤ï¸,0 likes on 2024-02-29T16:54:58.000Z,Instagram,Versace
Versace,"A Ãºnica coisa que essa daÃ­ conseguiu ğŸ˜‚ğŸ˜‚ğŸ˜‚ğŸ˜‚ğŸ˜‚ğŸ˜‚ğŸ˜‚. Vai perder tudo,  tudo.  Beijo Irina shayk",0 likes on 2024-03-03T09:04:39.000Z,Instagram,Versace
YSL,TÃ´  vendo  roupa isso Ã©  um desfile,1 likes on 2023-10-06T23:22:01.000Z,Instagram,YSL
YSL,Finalmente capi indossabili,1 likes on 2023-10-07T17:43:04.000Z,Instagram,YSL
YSL,ğŸ”¥ğŸ”¥ğŸ”¥,1 likes on 2023-10-08T01:07:03.000Z,Instagram,YSL
YSL,ğŸ”¥,1 likes on 2023-10-08T23:49:11.000Z,Instagram,YSL
YSL,â¤ï¸,1 likes on 2023-10-13T05:24:55.000Z,Instagram,YSL
YSL,ğŸ˜,1 likes on 2023-10-13T19:44:51.000Z,Instagram,YSL
YSL,ğŸ”¥ğŸ”¥,1 likes on 2023-10-15T03:24:35.000Z,Instagram,YSL
YSL,BOOOOORING!! ğŸ˜´ğŸ˜´ğŸ˜´ğŸ˜´,1 likes on 2023-10-15T11:28:22.000Z,Instagram,YSL
YSL,I love itt,1 likes on 2023-10-15T12:08:07.000Z,Instagram,YSL
YSL,All grace is here!,1 likes on 2023-10-16T15:28:03.000Z,Instagram,YSL
YSL,Stunning ğŸ¤©,1 likes on 2023-10-17T13:05:47.000Z,Instagram,YSL
YSL,Wow such a beautiful collection ğŸ”¥ğŸ˜,1 likes on 2023-10-18T01:54:48.000Z,Instagram,YSL
YSL,"Love, so sophisticated",1 likes on 2023-10-19T10:28:43.000Z,Instagram,YSL
YSL,ğŸ”¥ğŸ”¥ğŸ”¥,1 likes on 2023-10-19T14:13:25.000Z,Instagram,YSL
YSL,ğŸ”¥ğŸ”¥ğŸ”¥â€¦.,1 likes on 2023-10-20T05:56:06.000Z,Instagram,YSL
YSL,Mega GenialğŸ”¥,1 likes on 2023-10-20T08:58:27.000Z,Instagram,YSL
YSL,ğŸ¥°ğŸ¥°ğŸ¥°ğŸ‘ğŸ‘ğŸ‘,1 likes on 2023-10-20T20:09:20.000Z,Instagram,YSL
YSL,â¤ï¸â¤ï¸â¤ï¸â¤ï¸,1 likes on 2023-10-21T22:32:29.000Z,Instagram,YSL
YSL,ğŸ˜ğŸ˜ğŸ˜,1 likes on 2023-10-22T15:16:18.000Z,Instagram,YSL
YSL,ğŸ‘ğŸ‘ğŸ”¥ğŸ”¥,1 likes on 2023-10-24T03:28:39.000Z,Instagram,YSL
YSL,ë©‹ì§„ íŒ¨ì…˜ì‡¼ ì˜ ë³´ì•˜ì–´ìš”ğŸ‘ğŸ‘ğŸ‘,1 likes on 2023-10-24T18:41:14.000Z,Instagram,YSL
YSL,â¤ï¸â¤ï¸â¤ï¸,1 likes on 2023-10-24T18:41:33.000Z,Instagram,YSL
YSL,Luxury classics!,2 likes on 2023-10-24T19:36:18.000Z,Instagram,YSL
YSL,ğŸ˜ğŸ˜ğŸ˜Hermosa Collection,1 likes on 2023-10-24T23:46:45.000Z,Instagram,YSL
YSL,ğŸ‘ğŸ‘ğŸ‘,1 likes on 2023-10-25T06:15:56.000Z,Instagram,YSL
YSL,What a class and chick !!!ğŸ”¥ğŸ”¥ğŸ”¥â¤ï¸,1 likes on 2023-10-25T11:16:02.000Z,Instagram,YSL
YSL,Sublime ğŸ‘ğŸ‘ğŸ‘,1 likes on 2023-10-25T11:29:08.000Z,Instagram,YSL
YSL,It looks like he is inspired by rose from blackpink,1 likes on 2023-10-25T13:50:51.000Z,Instagram,YSL
YSL,â¤ï¸,1 likes on 2023-10-25T14:19:59.000Z,Instagram,YSL
YSL,â¤ï¸â¤ï¸â¤ï¸â¤ï¸â¤ï¸â¤ï¸,1 likes on 2023-10-25T20:35:16.000Z,Instagram,YSL
YSL,ğŸ‘ğŸ¼ğŸ‘ğŸ¼ğŸ‘ğŸ¼,1 likes on 2023-10-26T01:07:54.000Z,Instagram,YSL
YSL,ğŸ”ğŸ”ğŸ”ğŸ”¥ğŸ”¥ğŸ”¥ğŸ§¡ğŸ§¡ğŸ§¡ğŸ‘ğŸ¼ğŸ‘ğŸ¼ğŸ‘ğŸ¼ğŸ‘ğŸ¼ğŸ‘ğŸ¼ğŸ˜,1 likes on 2023-10-27T13:10:37.000Z,Instagram,YSL
YSL,â¤ï¸ğŸ˜ğŸ˜ğŸ”¥,1 likes on 2023-10-27T17:16:00.000Z,Instagram,YSL
YSL,ğŸ˜ğŸ˜,1 likes on 2023-10-27T17:54:19.000Z,Instagram,YSL
YSL,ğŸ‘ğŸ‘ğŸ˜impecable.. divino,2 likes on 2023-10-28T00:09:43.000Z,Instagram,YSL
YSL,ğŸ˜ğŸ”¥ğŸ”¥,1 likes on 2023-11-07T22:53:44.000Z,Instagram,YSL
YSL,"ğŸ˜ğŸ˜ğŸ˜EVEN MINIMALIST YVES SAINT LAURENT WILL STAY FOREVER AS CREATOR AND "" MAN...THE BEST CLOTHING FOR A WOMAN ""... "" THE BEST CLOTHING FOR A WOMAN IS A MAN ""... WORD OF YSL ğŸ˜ğŸ˜ğŸ˜",1 likes on 2023-11-11T05:04:28.000Z,Instagram,YSL
YSL,ğŸ”¥,1 likes on 2023-11-13T14:53:12.000Z,Instagram,YSL
YSL,FABULOUS!ğŸ‘‘âœ¨,0 likes on 2023-11-19T07:10:53.000Z,Instagram,YSL
YSL,ğŸ˜ Perfect !,0 likes on 2023-11-22T05:33:39.000Z,Instagram,YSL
YSL,â¤ï¸â¤ï¸,0 likes on 2023-11-26T02:14:26.000Z,Instagram,YSL
YSL,ğŸ˜ğŸ˜ğŸ˜ğŸ˜ğŸ˜ğŸ˜ğŸ˜ğŸ˜ğŸ˜,0 likes on 2023-11-27T21:45:31.000Z,Instagram,YSL
YSL,Love everything about this! âœ¨,0 likes on 2023-11-28T06:06:50.000Z,Instagram,YSL
YSL,â¤ï¸â¤ï¸â¤ï¸â¤ï¸,0 likes on 2023-11-30T13:47:58.000Z,Instagram,YSL
YSL,ğŸ”¥,0 likes on 2023-12-06T22:03:17.000Z,Instagram,YSL
YSL,70Â´s ? ğŸ”¥ğŸ”¥ @fashionweek,0 likes on 2024-01-23T16:07:02.000Z,Instagram,YSL
Louis Vuitton,ğŸ”¥ğŸ”¥ğŸ”¥,2 likes on 2024-01-17T08:26:32.000Z,Instagram,Louis Vuitton
Louis Vuitton,Is LV French or American?,0 likes on 2024-01-17T08:40:32.000Z,Instagram,Louis Vuitton
Louis Vuitton,bah! li trovo orrendi!! uno peggio dell'altro Ma da sempre gli abiti di LV non mi piacciono Non capisco perchÃ© non si dedichi solo ed esclusivamente alla pelletteria di borse ed accessori,0 likes on 2024-01-17T09:52:02.000Z,Instagram,Louis Vuitton
Louis Vuitton,Wrong choice it was. Show me womens LV,0 likes on 2024-01-17T10:20:27.000Z,Instagram,Louis Vuitton
Louis Vuitton,ğŸ‘,0 likes on 2024-01-17T11:40:33.000Z,Instagram,Louis Vuitton
Louis Vuitton,@ysl_slime77,0 likes on 2024-01-17T11:58:07.000Z,Instagram,Louis Vuitton
Louis Vuitton,â¤ï¸â¤ï¸â¤ï¸,0 likes on 2024-01-17T12:40:36.000Z,Instagram,Louis Vuitton
Louis Vuitton,Youâ€™ll have to re mortgage your home for one piece of  Luggage . Or sell a kidney,0 likes on 2024-01-17T13:49:23.000Z,Instagram,Louis Vuitton
Louis Vuitton,This looks like a collection of Halloween costumesğŸ˜­,0 likes on 2024-01-17T14:32:39.000Z,Instagram,Louis Vuitton
Louis Vuitton,"When you are French, but you perceive yourself as American ğŸ˜‚. All is possible with 2024",0 likes on 2024-01-17T14:35:27.000Z,Instagram,Louis Vuitton
Louis Vuitton,ğŸ™Œ,0 likes on 2024-01-17T15:02:34.000Z,Instagram,Louis Vuitton
Louis Vuitton,Wonderfull ğŸ‘ğŸ”¥,0 likes on 2024-01-17T15:21:03.000Z,Instagram,Louis Vuitton
Louis Vuitton,ğŸ¤ ğŸ¤ ğŸ¤ ,0 likes on 2024-01-17T16:23:32.000Z,Instagram,Louis Vuitton
Louis Vuitton,Definitely not I'm style with 2024 trends... STEP IT UP LV,0 likes on 2024-01-17T16:45:34.000Z,Instagram,Louis Vuitton
Louis Vuitton,ğŸ”¥ğŸ”¥ğŸ”¥,0 likes on 2024-01-17T17:03:29.000Z,Instagram,Louis Vuitton
Louis Vuitton,ğŸ”¥,0 likes on 2024-01-17T17:16:56.000Z,Instagram,Louis Vuitton
Louis Vuitton,That man @rd2iii @oklahomacowboys,2 likes on 2024-01-17T19:05:21.000Z,Instagram,Louis Vuitton
Louis Vuitton,It's like virtual reality!ğŸ˜…,0 likes on 2024-01-17T19:06:21.000Z,Instagram,Louis Vuitton
Louis Vuitton,"Best time of my life, thanks for the Experience ğŸª¶",2 likes on 2024-01-17T20:22:06.000Z,Instagram,Louis Vuitton
Louis Vuitton,Amazing ğŸ™ŒğŸ½,1 likes on 2024-01-17T20:26:45.000Z,Instagram,Louis Vuitton
Louis Vuitton,ğŸ™ğŸ» Peace,0 likes on 2024-01-17T21:09:25.000Z,Instagram,Louis Vuitton
Louis Vuitton,Ralph Lauren,0 likes on 2024-01-17T22:02:49.000Z,Instagram,Louis Vuitton
Louis Vuitton,@amberjessiel I saw the photos before I saw the account and I was likeâ€¦ wow Ralph Lauren is doing those stupid pixel designs now too?? Nope! Just LV getting worse.,1 likes on 2024-01-17T22:08:04.000Z,Instagram,Louis Vuitton
Louis Vuitton,o terno de minecrsft KKKKKK,0 likes on 2024-01-17T23:54:23.000Z,Instagram,Louis Vuitton
Louis Vuitton,HISTORICALLY ğŸ‡²ğŸ‡½MEXICANS were the ORIGINAL COWBOYS AKA (VAQUEROS)ğŸ‡²ğŸ‡½ğŸ‡²ğŸ‡½ğŸ‡²ğŸ‡½ğŸ‡²ğŸ‡½ğŸ‡²ğŸ‡½ğŸ‡²ğŸ‡½ğŸ‡²ğŸ‡½ğŸ‡²ğŸ‡½ğŸ‡²ğŸ‡½ğŸ‡²ğŸ‡½ğŸ‡²ğŸ‡½ğŸ‡²ğŸ‡½ğŸ‡²ğŸ‡½ğŸ‡²ğŸ‡½ğŸ‡²ğŸ‡½ğŸ‡²ğŸ‡½ğŸ‡²ğŸ‡½ğŸ‡²ğŸ‡½ğŸ‡²ğŸ‡½ğŸ‡²ğŸ‡½ğŸ‡²ğŸ‡½ğŸ‡²ğŸ‡½MEXICO COWBOYS WERE THE ORIGINAL STYLIST ON EVERYTHING YOU SEE HERE â€¼ï¸ğŸ‡²ğŸ‡½â€¼ï¸ğŸ‡²ğŸ‡½â€¼ï¸ğŸ‡²ğŸ‡½â€¼ï¸HISTORICAL FACT ğŸ‡²ğŸ‡½ğŸ‡²ğŸ‡½go read about it ğŸ‡²ğŸ‡½ğŸ‡²ğŸ‡½â€¼ï¸ğŸ‡²ğŸ‡½â€¼ï¸ğŸ‡²ğŸ‡½â€¼ï¸ğŸ‡²ğŸ‡½ğŸ‡²ğŸ‡½ğŸ‡²ğŸ‡½ğŸ‡²ğŸ‡½ğŸ‡²ğŸ‡½ğŸ‡²ğŸ‡½ğŸ‡²ğŸ‡½ğŸ‡²ğŸ‡½â€¼ï¸ğŸ‡²ğŸ‡½â€¼ï¸ğŸ‡²ğŸ‡½â€¼ï¸ğŸ‡²ğŸ‡½â€¼ï¸ğŸ‡²ğŸ‡½â€¼ï¸ğŸ‡²ğŸ‡½â€¼ï¸â€¼ï¸ğŸ‡²ğŸ‡½ğŸ‡²ğŸ‡½ğŸ‡²ğŸ‡½ğŸ‡²ğŸ‡½ğŸ‡²ğŸ‡½ğŸ‡²ğŸ‡½ğŸ‡²ğŸ‡½ğŸ‡²ğŸ‡½ğŸ‡²ğŸ‡½ğŸ‡²ğŸ‡½ğŸ‡²ğŸ‡½ğŸ‡²ğŸ‡½ğŸ‡²ğŸ‡½ğŸ‡²ğŸ‡½ğŸ‡²ğŸ‡½ğŸ‡²ğŸ‡½ğŸ‡²ğŸ‡½ğŸ‡²ğŸ‡½ğŸ‡²ğŸ‡½ğŸ‡²ğŸ‡½ğŸ‡²ğŸ‡½ğŸ‡²ğŸ‡½ğŸ‡²ğŸ‡½ğŸ‡²ğŸ‡½ğŸ‡²ğŸ‡½ğŸ‡²ğŸ‡½ğŸ‡²ğŸ‡½ğŸ‡²ğŸ‡½ğŸ‡²ğŸ‡½ğŸ‡²ğŸ‡½ğŸ‡²ğŸ‡½ğŸ‡²ğŸ‡½ğŸ‡²ğŸ‡½,0 likes on 2024-01-18T00:02:58.000Z,Instagram,Louis Vuitton
Louis Vuitton,ğŸ‘ğŸ‘ğŸ‘,0 likes on 2024-01-18T01:02:32.000Z,Instagram,Louis Vuitton
Louis Vuitton,Such a vibe!,0 likes on 2024-01-18T04:11:19.000Z,Instagram,Louis Vuitton
Louis Vuitton,ğŸ”¥ğŸ”¥ğŸ”¥,0 likes on 2024-01-18T06:16:50.000Z,Instagram,Louis Vuitton
Louis Vuitton,I mean I like the inspiration behind this collection,0 likes on 2024-01-18T06:56:21.000Z,Instagram,Louis Vuitton
Louis Vuitton,You mean the French that's it's actual monogram is stolen,0 likes on 2024-01-18T09:10:01.000Z,Instagram,Louis Vuitton
Louis Vuitton,Cowboy weekend??.,0 likes on 2024-01-18T14:21:44.000Z,Instagram,Louis Vuitton
Louis Vuitton,ğŸ˜®ğŸ‘ğŸ‘ğŸ‘,0 likes on 2024-01-18T19:58:32.000Z,Instagram,Louis Vuitton
Louis Vuitton,I know! I love the Western Pieces!,1 likes on 2024-01-19T02:59:24.000Z,Instagram,Louis Vuitton
Louis Vuitton,Hard to choose a favorite ğŸ˜,0 likes on 2024-01-19T05:52:56.000Z,Instagram,Louis Vuitton
Louis Vuitton,Loved the Wild West Look.,0 likes on 2024-01-19T18:12:09.000Z,Instagram,Louis Vuitton
Louis Vuitton,why r they copying minecraft!,0 likes on 2024-01-20T03:56:42.000Z,Instagram,Louis Vuitton
Louis Vuitton,Over priced carhart get a designer in control asap how to ruin a luxury brand what is this obsession with rappers all about,0 likes on 2024-01-20T08:39:38.000Z,Instagram,Louis Vuitton
Louis Vuitton,@aggyabby theyâ€™ve been paying attn to me ğŸ˜ weâ€™ve been discussing how American â€œrednecksâ€ from the south have adapted to The Americas and all their gear is from â€œmaticaâ€™s Mexicansâ€ ğŸ¤§ğŸ¥ºğŸ¥¹ğŸ˜˜ğŸ«€ â€œMexicoâ€ is actually â€œme x i coâ€ it means the company in which I kill with (to X someone or something) I love this @louisvuitton,0 likes on 2024-01-20T12:59:16.000Z,Instagram,Louis Vuitton
Louis Vuitton,â€¦and with much cultural appropriation. Watch the show and listen to what is playing donâ€™t just look at the pictures,0 likes on 2024-01-20T18:03:29.000Z,Instagram,Louis Vuitton
Louis Vuitton,Some fits are fire,0 likes on 2024-01-20T23:05:28.000Z,Instagram,Louis Vuitton
Louis Vuitton,ğŸ‘ğŸ‘,0 likes on 2024-01-20T23:17:06.000Z,Instagram,Louis Vuitton
Louis Vuitton,"@sustainable_fashion.designer Whatâ€™s their identity? You wear the tote bag that you think is leather but itâ€™s actually printed canvas. Why are you worried about their clothes? The whole point of having a new fresh Creative Director to conceptualize something new, was to modernize the brand.",0 likes on 2024-01-22T23:32:39.000Z,Instagram,Louis Vuitton
Louis Vuitton,@frenchrican_tiffany Thanks for pointing out the new creative director part. Nothing says modernize like a Western theme. I believe this is his second collection with them. I would have never thought the 2 collections were by the same CD but what do I know. I've only brought one Louisy bag before. The Stephen Sprouse speedy bag back 2007. Anywho,0 likes on 2024-01-23T00:10:06.000Z,Instagram,Louis Vuitton
Louis Vuitton,"@sustainable_fashion.designer itâ€™s not a western theme. If you look deeper at the collection and you correlate, youâ€™d actually notice that it was an homage to Native Americans, it wasnâ€™t a play on a western theme, it was almost mocking the way Hollywood perceives western thematic concepts. The bag is that blue because itâ€™s turquoise, itâ€™s not just a blue bag. Go deeper. And is certainly a hell of a lot better than what Gucci did, which was just copying entirely their womenâ€™s collection, which is completely an utterly â€œretail friendlyâ€. The collection was garbage. I mean they let you pay in 4 on their website now.",0 likes on 2024-01-23T00:14:38.000Z,Instagram,Louis Vuitton
Louis Vuitton,"@frenchrican_tiffany Oh right, I completely forgot it was Native American, homage to his heritage. There was a native american choir there as well. Cool. I personally didn't care for the collection and have no idea what Gucci got going on to compare the two, but thanks for the insight! I love fashion debates",1 likes on 2024-01-23T00:27:48.000Z,Instagram,Louis Vuitton
Louis Vuitton,@sustainable_fashion.designer I love them too and it never comes from a nasty place. I respect your pushback. â¤ï¸,1 likes on 2024-01-23T00:32:56.000Z,Instagram,Louis Vuitton
Louis Vuitton,@frenchrican_tiffany ğŸ™ŒğŸ½â¤ï¸,1 likes on 2024-01-23T00:37:42.000Z,Instagram,Louis Vuitton
Louis Vuitton,ğŸ’©ğŸ’©ğŸ’©ğŸ’©ğŸ’©ğŸ’©ğŸ’©ğŸ’©ğŸ’© Ù…ÛŒØªÙˆØ§Ù†ÛŒ Ø§ÛŒÙ† Ú©Ø§Ø± Ø±Ø§ Ø¨Ú©Ù†ÛŒ Ù…Ù† Ø±Ø§ÛŒ Ù†Ù…ÛŒ Ø¯Ù‡Ù… ØªÙˆ Ø±Ø§ÛŒ Ù†Ù…ÛŒ Ø¯Ù‡ÛŒ Ù…Ø§ Ø±Ø§ÛŒ Ù†Ù…ÛŒ Ø¯Ù‡ÛŒÙ…,0 likes on 2024-01-28T11:48:22.000Z,Instagram,Louis Vuitton
Louis Vuitton,ğŸ”¥ğŸ”¥ğŸ”¥,0 likes on 2024-02-14T19:28:55.000Z,Instagram,Louis Vuitton
Tory Burch,ğŸ˜ğŸ˜ğŸ˜,0 likes on 2023-09-13T19:12:58.000Z,Instagram,Tory Burch
Tory Burch,ğŸ”¥ğŸ”¥,0 likes on 2023-09-13T19:14:15.000Z,Instagram,Tory Burch
Tory Burch,ğŸ˜ğŸ˜ğŸ˜ğŸ˜,0 likes on 2023-09-13T19:17:18.000Z,Instagram,Tory Burch
Tory Burch,ğŸ‘,0 likes on 2023-09-13T19:28:33.000Z,Instagram,Tory Burch
Tory Burch,Beautiful ğŸ˜ğŸ˜ğŸ˜ğŸ˜ğŸ‘ğŸ‘ğŸ‘ğŸ‘ğŸ‘,2 likes on 2023-09-13T19:59:18.000Z,Instagram,Tory Burch
Tory Burch,ğŸ˜ğŸ˜ğŸ˜ğŸ˜,0 likes on 2023-09-13T20:07:50.000Z,Instagram,Tory Burch
Tory Burch,I love it ğŸ¤âœ¨,1 likes on 2023-09-13T20:40:36.000Z,Instagram,Tory Burch
Tory Burch,â™¥ï¸ğŸ¤ğŸ’™ğŸ¤ğŸ’›ğŸ–¤ğŸ’šğŸ’œğŸ§¡ğŸ’–,0 likes on 2023-09-13T21:22:10.000Z,Instagram,Tory Burch
Tory Burch,ğŸ‘ğŸ‘ğŸ‘ğŸ”¥,1 likes on 2023-09-13T21:41:18.000Z,Instagram,Tory Burch
Tory Burch,ğŸ”¥ğŸ”¥ğŸ”¥,0 likes on 2023-09-14T00:03:50.000Z,Instagram,Tory Burch
Tory Burch,ğŸ”¥ğŸ”¥ğŸ”¥ğŸ”¥ğŸ”¥,0 likes on 2023-09-14T05:06:12.000Z,Instagram,Tory Burch
Tory Burch,ğŸ‘ğŸ‘ğŸ‘ğŸ‘ğŸ‘ğŸ‘ğŸ‘ğŸ‘ğŸ‘ğŸ‘â¤ï¸â¤ï¸â¤ï¸â¤ï¸â¤ï¸â¤ï¸â¤ï¸â¤ï¸ğŸ™ŒğŸ™ŒğŸ™ŒğŸ™ŒğŸ™Œ,2 likes on 2023-09-14T08:45:13.000Z,Instagram,Tory Burch
Tory Burch,ğŸ˜ğŸ˜ğŸ˜,0 likes on 2023-09-14T14:04:31.000Z,Instagram,Tory Burch
Tory Burch,Love it! Need more designers like herâ™¥ï¸,1 likes on 2023-09-14T16:11:28.000Z,Instagram,Tory Burch
Tory Burch,ğŸ‘ğŸ½,0 likes on 2023-09-14T16:58:28.000Z,Instagram,Tory Burch
Tory Burch,Stupendi,0 likes on 2023-09-14T23:34:30.000Z,Instagram,Tory Burch
Tory Burch,â¤ï¸â¤ï¸â¤ï¸â¤ï¸,0 likes on 2023-09-15T03:13:51.000Z,Instagram,Tory Burch
Tory Burch,ğŸ‘ŒğŸ¿ğŸ‘ŒğŸ¿,0 likes on 2023-09-15T09:41:15.000Z,Instagram,Tory Burch
Tory Burch,â¤ï¸,0 likes on 2023-09-15T12:27:04.000Z,Instagram,Tory Burch
Tory Burch,ğŸ‘ğŸ‘ğŸ‘ğŸ‘ğŸ‘ğŸ‘ğŸ‘â¤ï¸â¤ï¸â¤ï¸,0 likes on 2023-09-15T13:19:11.000Z,Instagram,Tory Burch
Tory Burch,Wearable clothes! ğŸ‘ğŸ‘ğŸ‘,0 likes on 2023-09-15T15:44:38.000Z,Instagram,Tory Burch
Tory Burch,Love this brand. Need to add it to my favs.,0 likes on 2023-09-15T23:44:29.000Z,Instagram,Tory Burch
Tory Burch,SUPER CUTEâ¤ï¸,0 likes on 2023-09-16T06:09:18.000Z,Instagram,Tory Burch
Tory Burch,The pale pink in the 6th look is EVERYTHINGGGGG. ğŸŒ¸,0 likes on 2023-09-16T18:54:26.000Z,Instagram,Tory Burch
Burberry,ğŸ˜â¤ï¸,0 likes on 2024-02-19T21:47:58.000Z,Instagram,Burberry
Burberry,â¤ğŸ˜ğŸ˜ğŸ˜ğŸ˜ğŸ˜â¤â¤â¤,0 likes on 2024-02-19T21:52:32.000Z,Instagram,Burberry
Burberry,Beautiful coats ğŸ˜,1 likes on 2024-02-19T21:52:33.000Z,Instagram,Burberry
Burberry,â¤queen,0 likes on 2024-02-19T21:53:51.000Z,Instagram,Burberry
Burberry,I really like it!,0 likes on 2024-02-19T21:55:50.000Z,Instagram,Burberry
Burberry,â¤ï¸â¤ï¸â¤ï¸â¤ï¸â¤ï¸â¤ï¸â¤ï¸â¤ï¸â¤ï¸,0 likes on 2024-02-19T21:56:41.000Z,Instagram,Burberry
Burberry,ğ˜®ğ˜®ğ˜®... ğ˜­ğ˜°ğ˜·ğ˜¦ ğ˜ªğ˜µğŸ‘ŒğŸŒ¹,0 likes on 2024-02-19T22:05:42.000Z,Instagram,Burberry
Burberry,Man are models getting unattractive,1 likes on 2024-02-19T22:09:15.000Z,Instagram,Burberry
Burberry,"LILY DONALDSON, LILY COLE, AGYNESS DEYN, OMG IT WAS A FEAST",2 likes on 2024-02-19T22:20:20.000Z,Instagram,Burberry
Burberry,Lili DonaldsonğŸ˜®ğŸ˜ğŸ˜ğŸ˜ğŸ˜,1 likes on 2024-02-19T22:24:49.000Z,Instagram,Burberry
Burberry,ğŸ¤ğŸ¤ğŸ¤,1 likes on 2024-02-19T22:27:42.000Z,Instagram,Burberry
Burberry,ğŸ‘ğŸ‘ğŸ‘,0 likes on 2024-02-19T22:32:24.000Z,Instagram,Burberry
Burberry,Absolutely fantastic i just fell in love with the designs ğŸ˜ğŸ‘ğŸ”¥,0 likes on 2024-02-19T22:32:24.000Z,Instagram,Burberry
Burberry,"Vous en faites une tÃªte les filles, Ã§a va ?",0 likes on 2024-02-19T22:50:39.000Z,Instagram,Burberry
Burberry,ğŸ‘ğŸ‘ğŸ‘,1 likes on 2024-02-19T23:23:20.000Z,Instagram,Burberry
Burberry,â¤â¤â¤,0 likes on 2024-02-20T00:30:20.000Z,Instagram,Burberry
Burberry,Last one is yummy,0 likes on 2024-02-20T00:51:00.000Z,Instagram,Burberry
Burberry,Gorgeous!,0 likes on 2024-02-20T01:04:39.000Z,Instagram,Burberry
Burberry,â¤âœ¨,0 likes on 2024-02-20T01:59:37.000Z,Instagram,Burberry
Burberry,Montana X ft DjEago4ï¸âƒ£4ï¸âƒ£4ï¸âƒ£ğŸ˜ğŸ‡¨ğŸ‡¦ğŸ‘ï¸ğŸ•·ï¸ğŸ’€â¤ï¸DjEago XO CAPALOT Records,0 likes on 2024-02-20T02:36:02.000Z,Instagram,Burberry
Burberry,,0 likes on 2024-02-20T02:53:02.000Z,Instagram,Burberry
Burberry,Online services,0 likes on 2024-02-20T03:05:37.000Z,Instagram,Burberry
Burberry,Very snug to view in the southern hemisphere summer ğŸ¥µ,0 likes on 2024-02-20T06:08:48.000Z,Instagram,Burberry
Burberry,Lilly Donaldson is back from the dead,0 likes on 2024-02-20T06:36:58.000Z,Instagram,Burberry
Burberry,All of them is my favoriteâ¤ï¸â¤ï¸,0 likes on 2024-02-20T07:29:17.000Z,Instagram,Burberry
Burberry,Naomi,0 likes on 2024-02-20T07:33:38.000Z,Instagram,Burberry
Burberry,ğŸ˜ğŸ˜ğŸ˜ğŸ˜ğŸ˜,0 likes on 2024-02-20T08:12:34.000Z,Instagram,Burberry
Burberry,ğŸ˜ğŸ˜ğŸ˜ğŸ˜ğŸ˜,0 likes on 2024-02-20T08:39:19.000Z,Instagram,Burberry
Burberry,ğŸ˜ğŸ˜ğŸ˜ğŸ˜,1 likes on 2024-02-20T11:54:28.000Z,Instagram,Burberry
Burberry,OMG so nice,0 likes on 2024-02-20T12:00:23.000Z,Instagram,Burberry
Burberry,ğŸ‘ğŸ¿ğŸ‘ğŸ¿,0 likes on 2024-02-20T12:23:04.000Z,Instagram,Burberry
Burberry,Can someone help where to find contacts of fashion week organiser?,0 likes on 2024-02-20T13:18:27.000Z,Instagram,Burberry
Burberry,In love with the 7th one ğŸ˜,0 likes on 2024-02-20T17:50:59.000Z,Instagram,Burberry
Burberry,What a Cast!!!â¤ï¸,0 likes on 2024-02-20T21:51:38.000Z,Instagram,Burberry
Burberry,ğŸ˜ğŸ˜ğŸ˜,0 likes on 2024-02-21T01:44:26.000Z,Instagram,Burberry
Burberry,Me encantarÃ­a modelar  ahÃ­ un SueÃ±o inmensoğŸ˜ğŸ˜®,0 likes on 2024-02-21T01:49:01.000Z,Instagram,Burberry
Burberry,"Thank you @Grace._thomson____Â  for your good work, you have really changed my life and many others thanks very much maâ€™am ğŸ™Œâ¤ï¸",0 likes on 2024-02-21T09:39:31.000Z,Instagram,Burberry
Burberry,Not near enough plaid.,0 likes on 2024-02-22T01:08:12.000Z,Instagram,Burberry
Burberry,@burcubulutcan @beyza_eraydin ikiniz de uyuyorsunuz ve iÅŸiniz kÃ¶tÃ¼. Afra'nÄ±n farklÄ± bir yÃ¶neticisi ve halkla iliÅŸkiler yÃ¶neticisi olsaydÄ±. BirÃ§ok uluslararasÄ± markanÄ±n yÃ¼zÃ¼ olacak ve Paris Moda HaftasÄ±'na davet edilecekti. ne yazÄ±k ki ikisi de iÅŸe yaramaz.,0 likes on 2024-02-22T09:16:35.000Z,Instagram,Burberry
Burberry,Real heritage! â¤,0 likes on 2024-02-22T09:28:15.000Z,Instagram,Burberry
Burberry,Stunning,0 likes on 2024-02-22T20:53:48.000Z,Instagram,Burberry
Burberry,â¤,0 likes on 2024-02-22T21:00:40.000Z,Instagram,Burberry
Burberry,ğŸ¤ğŸ–¤ğŸ¤,0 likes on 2024-02-23T03:26:19.000Z,Instagram,Burberry
Burberry,ğŸ”¥ğŸ”¥ğŸ‘ğŸ‘,0 likes on 2024-02-23T08:56:17.000Z,Instagram,Burberry
Burberry,ğŸ˜‚ğŸ˜‚ğŸ˜‚,0 likes on 2024-02-26T22:20:17.000Z,Instagram,Burberry
Burberry,â¤,0 likes on 2024-03-01T14:58:51.000Z,Instagram,Burberry
Burberry,@kimkardashian,0 likes on 2024-03-09T13:17:04.000Z,Instagram,Burberry
