,Brand,Search,Comments,Source,Additional info,Subjectivity,Polarity
5630,Forever 21,haul,FOREVER 21 HAUL+Your videos always put me in a good mood cuz you're so happy and smiley,https://www.youtube.com//watch?v=giUmT-Ob2jk&pp=ygUQRm9yZXZlciAyMSBoYXVsIA%3D%3D,,0,
9442,ASOS,worth it,"ASOS: are their clothes worth your money? «Ä Fashion haul but different «Ä Justine Leconte+You help me realize even though spending a lot of money can be hard, that it is worth paying for quality garments. Buying less clothes but better quality. Also you help point out things people don't know to look for like how things are cut, the lining, or fabric chosen.",https://www.youtube.com//watch?v=OBCbEjnjhuY&pp=ygUOQVNPUyB3b3J0aCBpdCA%3D,,0,
10453,ASOS,opinions,i tried ASOS 2 years later and it was...interesting | size 14/16 try-on!+That gummy bear sweater screams that you need to take a trip to Tokyo and wear it!,https://www.youtube.com//watch?v=ImfrR5FcH7A&pp=ygUOQVNPUyBvcGluaW9ucyA%3D,,0,
7143,Forever 21,comparison,"What ACTUALLY Fits a Size 12 at Forever 21?+i didn't even know that 'mid-sized' was a term before I watched your videos. i finally feel SEEN. and when you said ""its not MY body thats the problem,"" that was exactly what i needed to hear. thank you!!!!!!!!",https://www.youtube.com//watch?v=FbeHk_NroK8&pp=ygUWRm9yZXZlciAyMSBjb21wYXJpc29uIA%3D%3D,,0,
5864,Forever 21,haul,"HUGE FOREVER 21 SUMMER TRY ON HAUL | trendy affordable clothes !+It'd be cool to see your individual outfits and clothing pieces in different lights, angles, and settings.  Along with that different amounts of the piece shown in areas that people might want to see, and in ways people not not think of.",https://www.youtube.com//watch?v=jd3btUbpUCg&pp=ygUQRm9yZXZlciAyMSBoYXVsIA%3D%3D,,0,
15973,Versace,consumerism,Versace Eros 2012 | Fragrances+SA majetad sa majesty l'ordre tr√®s chers royaume le paradise dans les 4saisons se que je lui e offre somptueux SA majestad SA majesty l'ordre l√† bible e la fortune l'ordre,https://www.youtube.com//watch?v=gsPsM6YYrfY&pp=ygUUVmVyc2FjZSBjb25zdW1lcmlzbSA%3D,,0,
9052,ASOS,animal testing,Is animal testing reliable? Johns Hopkins professor answers+It has to stop. Animals deserve to live free,https://www.youtube.com//watch?v=nVoPpuYsMUU&pp=ygUUQVNPUyBhbmltYWwgdGVzdGluZyA%3D,,0,
18792,Versace,popular,"Reacting to Popular Men's Fragrances (Dior Sauvage, Versace Eros & More) | Courtney Ryan+Also purchase a regular basic Ô∏è to wake you up, not the smartphone. I found the smartphone pulls a person's attention away from where it needs to be.",https://www.youtube.com//watch?v=C7u3MTklaFg&pp=ygUQVmVyc2FjZSBwb3B1bGFyIA%3D%3D,,0,
16490,Versace,animal testing,"Jaclyn Hill TESTED On Animals, Ariel Versace Has A PROBLEM!+You're spot on with your content being an escape for people. I watch your videos when I'm feeling sad and I dont want to be constantly bombarded with the hatred and horrible things going on in the world for at least 20 minutes",https://www.youtube.com//watch?v=9BWRp213_ac&pp=ygUXVmVyc2FjZSBhbmltYWwgdGVzdGluZyA%3D,,0,
9943,ASOS,haul,"ASOS Haul / why i don't shop there+I was a regular ASOS shopper until a few years ago, when I decided to quit fast fashion. I still have a couple of pieces (a leather moto jacket and a bomber jacket) going strong in my wardrobe, though.",https://www.youtube.com//watch?v=SlYV6DTxg1A&pp=ygUKQVNPUyBoYXVsIA%3D%3D,,0,
3099,Dior,popular,TOP DIOR PERFUMES AND BEAUTY GUIDE+Hey bestie!! ü©∑ I love the Dior Lip Glow balm and Maximizer. Dior definitely has THE best balm I've tried thus far. I'm a lip gloss/balm type of girl lol Ô∏è,https://www.youtube.com//watch?v=b-dVvGbIopM&pp=ygUNRGlvciBwb3B1bGFyIA%3D%3D,,0,
6413,Forever 21,opinions,"Why Did Forever 21 File For Bankruptcy?+Some lessons from this are: Do homework on the markets you're going to cover, don't over expand, think about quality of the products, look at sustainability of the items (such as using responsibly sourced cotton for t-shirts), have an up to date, secure and expanded online store (which includes mobile and tablet apps) and think about additional sizings.",https://www.youtube.com//watch?v=DxlkvrbRvqI&pp=ygUURm9yZXZlciAyMSBvcGluaW9ucyA%3D,,1,0
14776,Mango,ethically sourced,"MANGO Committed | Making FASHION more SUSTAINABLE+WHEN I STARTED MY MASTERS IN BUSINESS STUDIES BACK IN 2013, I GOT WELL ACQUAINTED WITH GOOD BRANDS Ô∏èÔ∏èÔ∏èÔ∏è MANGO BRAND CAN BE EASILY SEEN IN MAKATI AREA Ô∏èÔ∏èÔ∏èÔ∏èÔ∏è",https://www.youtube.com//watch?v=pOe5M0GtYZo&pp=ygUYTWFuZ28gZXRoaWNhbGx5IHNvdXJjZWQg,,0,
18522,Versace,comparison,"VERSACE BRIGHT CRYSTAL vs ABSOLU, CRYSTAL NOIR EDT vs EDP, YELLOW DIAMOND vs INTENSE | Soki London+Lovely review i never tried vercasie",https://www.youtube.com//watch?v=g5RiUHQfmjo&pp=ygUTVmVyc2FjZSBjb21wYXJpc29uIA%3D%3D,,0,
7787,ASOS,waste,The environmental disaster fuelled by used clothes and fast fashion | Foreign Correspondent+1 year ago this was a giant issue. Now it is getting harder and harder to get clothes at the thrift shop due to it being trendy and the resellers. Great for the thrift shop owners and the charities who profit from it. Not so great for the people who need a good bargain for clothes. Trends seem to always have their victims.,https://www.youtube.com//watch?v=bB3kuuBPVys&pp=ygULQVNPUyB3YXN0ZSA%3D,,0,
1312,Dior,price,Shopping at DIOR (w/ Prices) Greenbelt | New Collection bag: Lady Dior + Lady D-Joy + Caro + Saddle+So many cute Dior bags my beautiful BB. I hope you have a wonderful weekend.,https://www.youtube.com//watch?v=mdGdZcfSENE&pp=ygULRGlvciBwcmljZSA%3D,,0,
14095,Mango,thoughts,"Mango - ""Thoughts""+mango is my dad",https://www.youtube.com//watch?v=6wmtsEmFtEE&pp=ygUPTWFuZ28gdGhvdWdodHMg,,0,
5018,Forever 21,animal testing,"Animal Testing in 60 Seconds+Poor Babies :,(. Breaks my heart.",https://www.youtube.com//watch?v=rYATRV6W4iA&pp=ygUaRm9yZXZlciAyMSBhbmltYWwgdGVzdGluZyA%3D,,0,
646,Dior,consumerism,Dior Addict - The New Icon of Shine+I‚Äôm in Dior  I really love Dior products,https://www.youtube.com//watch?v=Vpozma3GnGw&pp=ygURRGlvciBjb25zdW1lcmlzbSA%3D,,0,
1577,Dior,worth it,DIOR did my Makeup: Was it worth the $$$? üò≥+tina looks like mina myong,https://www.youtube.com//watch?v=nluemmjSm_w&pp=ygUORGlvciB3b3J0aCBpdCA%3D,,0,
9168,ASOS,price,"Is ASOS Stock a Buy Now? Down 87%!+Investing in crypto now should be in every wise individuals list, in some months time you'll be ecstatic with the decision you made today",https://www.youtube.com//watch?v=6zBQwJQJK9U&pp=ygULQVNPUyBwcmljZSA%3D,,0,
7717,Forever 21,ethically sourced,"The Decline of Forever 21...What Happened?+Used to shop at Forever21 often in my early 20s, I always found it was hit or miss with them though. You could go in one day and find a bunch of cool stuff u like, then go another day and there‚Äôs nothing u like. Also felt the clothing sections and organization layout was a bit messy for my taste. Regardless I did find some gems there, yea they didn‚Äôt last long but for the moment they were cool",https://www.youtube.com//watch?v=wrKIrPWTag0&pp=ygUdRm9yZXZlciAyMSBldGhpY2FsbHkgc291cmNlZCA%3D,,0,
11765,Mango,waste,"How Vegan Leather Is Made From Mangoes | World Wide Waste+What kind of chemicals do you mix with it? I'm wanting to make some vegan leather myself. I use a lot of animal hides to connect with the animal spirits. Thing is, there's this tree I need to connect to, but I can't exactly tan a tree's hide. This'll help me a lot! Thanks!",https://www.youtube.com//watch?v=gAu0XGHpqco&pp=ygUMTWFuZ28gd2FzdGUg,,0,
6278,Forever 21,opinions,"Women Review Forever 21 Graphic Tees+I'm not even going to lie , Hot topic has amazing graphic tees",https://www.youtube.com//watch?v=TrNOOb8Gy-w&pp=ygUURm9yZXZlciAyMSBvcGluaW9ucyA%3D,,0,
19301,Versace,ethically sourced,The Kid Who Invented Versace+Gianni versace legend of summer fashion   forever iconic,https://www.youtube.com//watch?v=HQZap3rCqJg&pp=ygUaVmVyc2FjZSBldGhpY2FsbHkgc291cmNlZCA%3D,,0,
8757,ASOS,quality,The Best Quality Affordable Fashion Brands+Sounds like Pooh bear!,https://www.youtube.com//watch?v=yAjC2hmN6jc&pp=ygUNQVNPUyBxdWFsaXR5IA%3D%3D,,0,
16076,Versace,consumerism,Versace Fall-Winter 2023 | Campaign Film | Versace+I was infront of the versache store while they filmed the models,https://www.youtube.com//watch?v=EyLcRKUIiuw&pp=ygUUVmVyc2FjZSBjb25zdW1lcmlzbSA%3D,,0,
7301,Forever 21,popular,How Fashion Nova Took Over Forever 21+What a great video! I just watched three of your videos in a row! I wonder why your channel wasn‚Äôt recommended yo me before ? Love it!,https://www.youtube.com//watch?v=-mUbIm8WO0s&pp=ygUTRm9yZXZlciAyMSBwb3B1bGFyIA%3D%3D,,0,
366,Dior,sustainable,Eco-Printing Savoir-Faire at the Dior Spring-Summer 2020 Show+Just WOW,https://www.youtube.com//watch?v=zmYVwz_r7a8&pp=ygURRGlvciBzdXN0YWluYWJsZSA%3D,,0,
10731,ASOS,thoughts,"ASOS ""Trending Now"" Clothing on 2 Different Body Types! [Size 2 vs Size 10]+That last dress you gotta try it again cause Bridget it looked good",https://www.youtube.com//watch?v=qWScQbHE51w&pp=ygUOQVNPUyB0aG91Z2h0cyA%3D,,0,
10620,ASOS,thoughts,Shopping ASOS In Store vs. Online! * Which is better?! *+Shoutout to the editor. I was DEAD when I saw big bird!!!,https://www.youtube.com//watch?v=XVUCuCutA8o&pp=ygUOQVNPUyB0aG91Z2h0cyA%3D,,0,
13282,Mango,worth it,"$5,000 Mango at Auction „Éº but WHY? ‚òÖ ONLY in JAPAN+If you've too much money, this is a great way to spend your money and motivates farmer. Great video John.",https://www.youtube.com//watch?v=ZacRtEM0F0Q&pp=ygUPTWFuZ28gd29ydGggaXQg,,0,
13072,Mango,worth it,"Why Miyazaki Mangoes Are So Expensive | So Expensive Food | Business Insider+I've seen mangos in Kenyan markets which are as red and more plump than the ones in the video. I also tried several varieties which were absolutely delicious and like nectar. However there was no fancy packaging, just ordinary cardboard boxes and plastic bags.",https://www.youtube.com//watch?v=MRyWyWIWhrc&pp=ygUPTWFuZ28gd29ydGggaXQg,,0,
3471,Dior,trends,The Dior Men‚Äôs Summer 2024 Show+Prince Eunwoo  el m√°s bello inteligente caballero y un √°ngel el mejor embajador Dior Ô∏èÔ∏è,https://www.youtube.com//watch?v=ZJ7PaOLl49w&pp=ygUMRGlvciB0cmVuZHMg,,0,
2783,Dior,comparison,"DIOR BAG COMPARISON - SMALL LADY D-JOY VS. MYABC LADY DIOR‚≠êÔ∏è+Wow, so thorough!  thank you! I think that the D-Joy is more versatile and unique looking. BOTH beautiful bags though, I‚Äôll see how I like the D-joy first. been eyeing the matte version for a more casual hardy everyday bag.",https://www.youtube.com//watch?v=FGP8soWTyX8&pp=ygUQRGlvciBjb21wYXJpc29uIA%3D%3D,,1,1
11210,ASOS,popular,"Why China's Shein is beating ASOS, H&M and Zara at fast fashion+As if Nike is paying fair wage to the labourers in Bangladesh.",https://www.youtube.com//watch?v=9XCKnN6o19k&pp=ygUNQVNPUyBwb3B1bGFyIA%3D%3D,,1,0
282,Dior,fast fashion,Three ways Dior changed fashion forever - BBC News+Why now why not chanel and why are you guys so weird,https://www.youtube.com//watch?v=8sZb8Rv6Oqw&pp=ygUSRGlvciBmYXN0IGZhc2hpb24g,,1,0
11505,ASOS,trends,"trying 2022 fashion trends & aesthetics+For the ballet core, I actually liked the miss match of socks, the mesh and leg warmer.",https://www.youtube.com//watch?v=joC-DDT9Ik4&pp=ygUMQVNPUyB0cmVuZHMg,,1,1
18618,Versace,popular,Versace Eros 2012 | Fragrances+Gigachad before it was cool,https://www.youtube.com//watch?v=gsPsM6YYrfY&pp=ygUQVmVyc2FjZSBwb3B1bGFyIA%3D%3D,,1,1
2152,Dior,opinions,DIOR did my Makeup: Was it worth the $$$? üò≥+THAT SERUM IS AMAZING!!!! I love it!,https://www.youtube.com//watch?v=nluemmjSm_w&pp=ygUORGlvciBvcGluaW9ucyA%3D,,1,1
900,Dior,quality,Buying too much Dior starts to show cracks in brand quality. | Disappointed again üòî+That is a gorgeous butterfly paper bag! I‚Äôd keep that around as decor,https://www.youtube.com//watch?v=iVkCyA3MvSY&pp=ygUNRGlvciBxdWFsaXR5IA%3D%3D,,1,1
11202,ASOS,popular,"ASOS ""Trending Now"" Clothing on 2 Different Body Types! [Size 2 vs Size 10]+Love this video style!",https://www.youtube.com//watch?v=qWScQbHE51w&pp=ygUNQVNPUyBwb3B1bGFyIA%3D%3D,,1,1
13976,Mango,opinions,MY UNPOPULAR OPINIONS- You might hate me after this‚Ä¶.+Love u mango,https://www.youtube.com//watch?v=hA7eYBx2a00&pp=ygUPTWFuZ28gb3BpbmlvbnMg,,1,1
3292,Dior,popular,Exploring Dior with JISOO+I‚Äôm not blink but she is elegant and classy.,https://www.youtube.com//watch?v=emzxrZAHWYo&pp=ygUNRGlvciBwb3B1bGFyIA%3D%3D,,0,
10384,ASOS,opinions,Shopping ASOS In Store vs. Online! * Which is better?! *+Jackie's in store dress would go great with the mint heels from online lol,https://www.youtube.com//watch?v=XVUCuCutA8o&pp=ygUOQVNPUyBvcGluaW9ucyA%3D,,0,
8227,ASOS,fast fashion,"How ASOS became one of the world‚Äôs largest retailers | CNBC Explains+As a plus size individual living in Asia, it‚Äôs really a struggle to find nice clothes. For me, the best things about ASOS is how inclusive they are; offering plus size clothes with very nice silhouettes & still very trendy. Also their app interface is just amazing; easy to navigate, streamlined and very aesthetically pleasing to browse at!",https://www.youtube.com//watch?v=JAeqysT6Bxs&pp=ygUSQVNPUyBmYXN0IGZhc2hpb24g,,1,1
18626,Versace,popular,Versace Eros 2012 | Fragrances+Hmm.  Almost looks like they want to imitate their desire to bust through a firmament.,https://www.youtube.com//watch?v=gsPsM6YYrfY&pp=ygUQVmVyc2FjZSBwb3B1bGFyIA%3D%3D,,0,
6753,Forever 21,thoughts,How I Would Completely Redesign Forever 21 (and Why It Failed)+Forever 21 gives me so much anxiety. I am not plus sized but being slightly curvy at all just made me feel like I don‚Äôt belong. The styles aren‚Äôt flattering and I always thought they appealed to tweens. Unfortunately tweens don‚Äôt actually buy anything bc what 13yo has money? These companies ostracize most normal people and lose money because of it.,https://www.youtube.com//watch?v=0DlnO-gY5Wo&pp=ygUURm9yZXZlciAyMSB0aG91Z2h0cyA%3D,,1,0
15172,Versace,waste,Why Is Versace So Expensive?+amazing video! wish something about Rick Owens please,https://www.youtube.com//watch?v=DhKvLcvNjkI&pp=ygUOVmVyc2FjZSB3YXN0ZSA%3D,,1,0
5513,Forever 21,worth it,"Women Review Forever 21 Graphic Tees+My shirt would say, ""Ugh, You Again..."".",https://www.youtube.com//watch?v=TrNOOb8Gy-w&pp=ygUURm9yZXZlciAyMSB3b3J0aCBpdCA%3D,,0,
7182,Forever 21,comparison,What ACTUALLY Fits a Size 12 at Forever 21?+I cried at forever21 because nothing would fit and like im your size too,https://www.youtube.com//watch?v=FbeHk_NroK8&pp=ygUWRm9yZXZlciAyMSBjb21wYXJpc29uIA%3D%3D,,1,0
17850,Versace,opinions,Should You Buy Versace The Dreamer in 2023 or Pass? | Honest Review+7-10 sprays? Dude that's overkill. 1-2 max,https://www.youtube.com//watch?v=Al0DgJ_AzcM&pp=ygURVmVyc2FjZSBvcGluaW9ucyA%3D,,1,0
11459,ASOS,trends,ASOS Try-On Haul + The 8 Summer 2022 Menswear Trends to Know | Men's Fashion & Style | Jovel Roystan+Can you do a video on different style of shorts. I have a body shape similar to yours just not quite as tall. Would love to see what are the best shorts in retrospect to your body aesthetics.,https://www.youtube.com//watch?v=QpA0Oqrg4-E&pp=ygUMQVNPUyB0cmVuZHMg,,0,
18407,Versace,comparison,"VERSACE EROS EDT vs EDP vs PARFUM COMPARISON! WHICH EROS IS THE BEST?+Love your videos, but I like the EDP version more.  Its all opinion at the end of them day, but Im an edp man in this brand. Keep up the great work",https://www.youtube.com//watch?v=B4tKtbzoDYQ&pp=ygUTVmVyc2FjZSBjb21wYXJpc29uIA%3D%3D,,1,0
6308,Forever 21,opinions,I Bought the WORST Selling Forever 21 Items+Wait I‚Äôm low key jealous of that Christmas tree dress,https://www.youtube.com//watch?v=d90RLiL1-D0&pp=ygUURm9yZXZlciAyMSBvcGluaW9ucyA%3D,,0,
6828,Forever 21,thoughts,FOREVER 21: Headed For Bankruptcy! | Retail Archaeology+I would buy so much clothes from them if they simply made XL and not all cropped.,https://www.youtube.com//watch?v=CPIqLOqrmlM&pp=ygUURm9yZXZlciAyMSB0aG91Z2h0cyA%3D,,1,1
4981,Forever 21,animal testing,"Animal Testing in 60 Seconds+Poor babies...they deserve to be free, in the wild. They really don't deserve this kind of abuse. We should support Peta's campaigns and fight for this madness to stop!",https://www.youtube.com//watch?v=rYATRV6W4iA&pp=ygUaRm9yZXZlciAyMSBhbmltYWwgdGVzdGluZyA%3D,,1,0
7404,Forever 21,popular,The Weird World of Forever 21 Brand Collaborations+I can see the Pepsi top with a denim jacket and high waisted black jeans.,https://www.youtube.com//watch?v=1M9ydMrqy6k&pp=ygUTRm9yZXZlciAyMSBwb3B1bGFyIA%3D%3D,,0,
4489,Forever 21,consumerism,"Why Primark Is Thriving While Retailers Like Forever 21 Are Closing | WSJ The Economics Of+I love Primark, but I would love it more. If it was online, especially now they do house furniture it‚Äôs kind of hard to carry home in uk",https://www.youtube.com//watch?v=OiKGoOpLoLs&pp=ygUXRm9yZXZlciAyMSBjb25zdW1lcmlzbSA%3D,,1,1
6249,Forever 21,opinions,Women Review Forever 21 Graphic Tees+I think they take it waaaay to seriously. Also I want more puns on t-shirts :),https://www.youtube.com//watch?v=TrNOOb8Gy-w&pp=ygUURm9yZXZlciAyMSBvcGluaW9ucyA%3D,,0,
7825,ASOS,waste,The environmental disaster fuelled by used clothes and fast fashion | Foreign Correspondent+A friend of mine deconstructs clothing to make doll clothes for her grandchildren and to sell. It‚Äôs fun to see my grandniece‚Äôs doll wearing a blouse made from one of my favorite blouses!,https://www.youtube.com//watch?v=bB3kuuBPVys&pp=ygULQVNPUyB3YXN0ZSA%3D,,1,1
5324,Forever 21,price,"WORTH the HYPE?! Reviewing the Whole Forever 21 x Barneys Collection+I hope this doesn't come off as weird, but your legs look great. What are you doing on leg day?",https://www.youtube.com//watch?v=d6wiqVDH6fo&pp=ygURRm9yZXZlciAyMSBwcmljZSA%3D,,0,
15764,Versace,sustainable,Inside Versace Home+I don't know who needs to hear this but stop saving all your money. Invest some of it if you want financial freedom.,https://www.youtube.com//watch?v=7CkRsMmrUcI&pp=ygUUVmVyc2FjZSBzdXN0YWluYWJsZSA%3D,,0,
14039,Mango,opinions,Mango Haul (unsponsored) | keep vs return edition!+I love the floral dress on you! The homemade sweater too!,https://www.youtube.com//watch?v=zBLSn-nLFhM&pp=ygUPTWFuZ28gb3BpbmlvbnMg,,1,1
622,Dior,consumerism,#DAREINGRISDIOR WITH THE COLLECTIVE+Inc Xin Liu is so cool,https://www.youtube.com//watch?v=jcjoIOwnxKA&pp=ygURRGlvciBjb25zdW1lcmlzbSA%3D,,0,
15050,Versace,waste,"Inside Versace Home+How I want my life would be ,surrounded by expensive and",https://www.youtube.com//watch?v=7CkRsMmrUcI&pp=ygUOVmVyc2FjZSB3YXN0ZSA%3D,,1,1
10395,ASOS,opinions,"I Bought the WORST Selling ASOS Items+Girl, I love your videos, but as soon as you started choosing the sizes, i knew everything will be too small. Hopefully you check out the sizing chart out before you buy it..",https://www.youtube.com//watch?v=mCtI5r_wXKU&pp=ygUOQVNPUyBvcGluaW9ucyA%3D,,0,
6736,Forever 21,thoughts,"How I Would Completely Redesign Forever 21 (and Why It Failed)+Love to see your view on Gap, what they‚Äôre doing wrong since it‚Äôs a brand we have all grew up with",https://www.youtube.com//watch?v=0DlnO-gY5Wo&pp=ygUURm9yZXZlciAyMSB0aG91Z2h0cyA%3D,,1,0
14402,Mango,comparison,Mango Tasting & Comparison | Kent Mango vs. Manila Mango+We call that apple-mango... Now I know it's actual name.,https://www.youtube.com//watch?v=DiuII_0KvDk&pp=ygURTWFuZ28gY29tcGFyaXNvbiA%3D,,0,
4522,Forever 21,consumerism,Why Primark Is Thriving While Retailers Like Forever 21 Are Closing | WSJ The Economics Of+Good on this company for trying to keep the instore purchases alive. But I‚Äôm definitely not flying to the east coast for fast fashion,https://www.youtube.com//watch?v=OiKGoOpLoLs&pp=ygUXRm9yZXZlciAyMSBjb25zdW1lcmlzbSA%3D,,1,0
13359,Mango,haul,"MANGO FAVOURITES+I think filming the try-ons in store instead of ordering and returning is such a great idea! Just highlighting and linking to your fave pieces from the website is already helpful, but it's great to see the pieces tried on, and it being in the store doesn't take anything away from its value",https://www.youtube.com//watch?v=UR7tOUe_pKA&pp=ygULTWFuZ28gaGF1bCA%3D,,0,
2018,Dior,aesthetic,"DIOR | Style Guide: How to Get the Iconic Dior Style on a Budget+Silvina, loving this series and its focus on history. Not many fashion channels on YouTube bother to look at fashion history which I think is essential when you're trying to build your own aesthetic. As shown by your outfits at the end of the video the fun part of fashion, at least in my experience, is creating looks with the knowledge that you've acquired. I hope your channel continues to grow, I'm quite new to fashion YouTube but some content creators are getting by doing the bare minimum, people deserve better!",https://www.youtube.com//watch?v=A3OaRH-vD0I&pp=ygUPRGlvciBhZXN0aGV0aWMg,,1,1
1243,Dior,price,"Dior New Greenbelt Store Tour + 2022 Prices! | The Beauty Junkee Vlogs+ng gulo  lng sa store,",https://www.youtube.com//watch?v=F7SBlwsUBKY&pp=ygULRGlvciBwcmljZSA%3D,,0,
7760,ASOS,waste,"Never Waste Money Buying Clothes Online Again+You, you are the celebrity that I want to dress like. It would be really cool if you became a widely known men's fashion person or something.",https://www.youtube.com//watch?v=ZjGLr06oU78&pp=ygULQVNPUyB3YXN0ZSA%3D,,1,1
1912,Dior,haul,"Luxury Haul: What I got for my 27th birthday üéÇ ü§ç | Chanel, Dior, Polene & more ‚ú®+I think you should make a video on how you save, invest, manage your finances, etc all while affording luxury goods. :) That would be so interesting/helpful to me!",https://www.youtube.com//watch?v=J1rXMmaAazE&pp=ygUKRGlvciBoYXVsIA%3D%3D,,0,
13896,Mango,opinions,What is Australia's BEST tasting Mango? 5 Variety Comparison Review+The big chain super markets destroyed fresh fruit in Australia. Their produce managers have no idea absolutely no idea. They think fruit should be the perfect shape and colour and they force farmers to pick fruit super immature so they can ship them and store them but the result is fruit has zero taste abd less and less people want to eat fruit.,https://www.youtube.com//watch?v=-qRJiAXe_SI&pp=ygUPTWFuZ28gb3BpbmlvbnMg,,0,
9971,ASOS,aesthetic,"a colourful + aesthetic ASOS haul üåà+i‚Äôm a south asian woman with pretty much the same skin tone as yours and i‚Äôve always thought that i couldn‚Äôt wear bright colours because they‚Äôd look tacky or cheap on me. i‚Äôm very grateful that i found your channel, it‚Äôs so refreshing to see someone with the same complexion wearing whatever they want and it inspires me to do the same!",https://www.youtube.com//watch?v=xxBaZxWLOTY&pp=ygUPQVNPUyBhZXN0aGV0aWMg,,1,1
16693,Versace,price,Why Is Versace So Expensive?+Genio GIANNI VERSACE,https://www.youtube.com//watch?v=DhKvLcvNjkI&pp=ygUOVmVyc2FjZSBwcmljZSA%3D,,0,
17023,Versace,price,"How we got a Versace Home Table at a BARGAIN PRICE $$$+I‚Äôm sure Moses is aware, but I would strongly advise you get a piece of toughneed glass to put on top. The top could be easily replaced in the future, replacing a mirror on the other hand would be much more difficult to get the tint to match 100%",https://www.youtube.com//watch?v=CnOYPfbdBG4&pp=ygUOVmVyc2FjZSBwcmljZSA%3D,,0,
19137,Versace,trends,Versace Spring-Summer 2023 Men‚Äôs | Fashion Show | Versace+Donatella Versace,https://www.youtube.com//watch?v=6KEdZP35AEc&pp=ygUPVmVyc2FjZSB0cmVuZHMg,,0,
8258,ASOS,fast fashion,How ASOS became one of the world‚Äôs largest retailers | CNBC Explains+since i started buying off asos i can never find the stuff i like in stores so I just buy online,https://www.youtube.com//watch?v=JAeqysT6Bxs&pp=ygUSQVNPUyBmYXN0IGZhc2hpb24g,,1,1
14284,Mango,comparison,What is Australia's BEST tasting Mango? 5 Variety Comparison Review+Very good information,https://www.youtube.com//watch?v=-qRJiAXe_SI&pp=ygURTWFuZ28gY29tcGFyaXNvbiA%3D,,0,
18893,Versace,popular,"Versace Spring-Summer 2023 Women‚Äôs | Fashion Show | Versace+Versace is definitly one of those designer brands that have always stood out for me. You see Versace you think BOLD, you think of their logo MEDUSA. Versace has made a name for themselves for sure.",https://www.youtube.com//watch?v=hoKDrFyQDy0&pp=ygUQVmVyc2FjZSBwb3B1bGFyIA%3D%3D,,1,1
1063,Dior,quality,This Is Why Luxury Designer Brands Are So Expensive+Ego vrs no ego Earth s problem material girls and boys,https://www.youtube.com//watch?v=9fcHkjt39EA&pp=ygUNRGlvciBxdWFsaXR5IA%3D%3D,,0,
15928,Versace,consumerism,"Versace Tribute | Versace Versace Versace+Grace, Kaia, Christy, Gigi, Vitto, Naomi, Gisele, Irina Ô∏èÔ∏è",https://www.youtube.com//watch?v=WCsIMfQDvHg&pp=ygUUVmVyc2FjZSBjb25zdW1lcmlzbSA%3D,,0,
17933,Versace,opinions,"VERSACE THE DREAMER Review at the Versace Mansion, Miami Beach+The bottle Looks very Clean and expensive",https://www.youtube.com//watch?v=Tv5gXShxEb0&pp=ygURVmVyc2FjZSBvcGluaW9ucyA%3D,,1,1
4541,Forever 21,consumerism,"Forever 21's dirty little secret+""Rock forever 21 but just turned thirtayy""",https://www.youtube.com//watch?v=uTW8pWKhYv8&pp=ygUXRm9yZXZlciAyMSBjb25zdW1lcmlzbSA%3D,,0,
10004,ASOS,aesthetic,a colourful + aesthetic ASOS haul üåà+Honestly everything Rubi wears is like so pretty,https://www.youtube.com//watch?v=xxBaZxWLOTY&pp=ygUPQVNPUyBhZXN0aGV0aWMg,,1,1
19832,Puma,trends,These Fashion Trends Will DIE Soon+Sambas will never die!!!,https://www.youtube.com//watch?v=eYbxsu5YO2U&pp=ygUMUHVtYSB0cmVuZHMg,,1,1
6194,Forever 21,aesthetic,FOREVER 21 TRY ON CLOTHING HAUL 2020| *aesthetic+Loved this such a great video!!,https://www.youtube.com//watch?v=a1o67-qmerc&pp=ygUVRm9yZXZlciAyMSBhZXN0aGV0aWMg,,1,1
1999,Dior,haul,Come Shopping with Me! Did I find my DIOR Wishlist Bag? + Mini Haul üõçÔ∏è+Oh I love the Toujours bag! (In the small is my favorite),https://www.youtube.com//watch?v=Zk3jd-kFSus&pp=ygUKRGlvciBoYXVsIA%3D%3D,,1,1
11035,ASOS,popular,MY FOLLOWERS CHOOSE MY BIRTHDAY OUTFITS FROM ASOS!+What did you guys think of these outfits!? I love them all I couldn't choose my favourite! Do you want to see a part 2?,https://www.youtube.com//watch?v=IOC1Vps5THs&pp=ygUNQVNPUyBwb3B1bGFyIA%3D%3D,,1,1
86,Nike,waste,From Trash to Space Hippie | Behind the Design | Nike+One mans trash is another mans treasure,https://www.youtube.com//watch?v=i3n_4-c1Rg8&pp=ygULTmlrZSB3YXN0ZSA%3D,,1,1
11398,ASOS,trends,Popular FALL 2021 Clothing Trends *would we wear them?!*+sinead looks just like nicole anderson omg,https://www.youtube.com//watch?v=CAwzQc4SqrM&pp=ygUMQVNPUyB0cmVuZHMg,,0,
6107,Forever 21,aesthetic,"HUGE FOREVER 21 SUMMER TRY ON HAUL | trendy affordable clothes !+Could you do a video trying ‚Äúcurve‚Äù jeans/shorts? Like the ones from AE, or Abercrombie, Hollister, PLT, etc.?",https://www.youtube.com//watch?v=jd3btUbpUCg&pp=ygUVRm9yZXZlciAyMSBhZXN0aGV0aWMg,,0,
1671,Dior,worth it,HUGE Dior Price Increase July 2023 *Is Lady Dior Bag still worth it?*+These price increases are insane !,https://www.youtube.com//watch?v=egAI7v6hJXU&pp=ygUORGlvciB3b3J0aCBpdCA%3D,,1,0
4234,Forever 21,fast fashion,"Is it the end of ‚ÄúFast Fashion‚Äù? Topshop & Forever 21 are bankrupt «Ä  Justine Leconte+I would rather spend $$ on the highest quality clothes (including some basics) possible purchased second-hand at consignment and thrift shops. I'm a larger size (US 16), so most of the trendy clothes in the fast fashion stores don't work on my frame anyway.",https://www.youtube.com//watch?v=mCF1A6uc7jw&pp=ygUYRm9yZXZlciAyMSBmYXN0IGZhc2hpb24g,,1,0
2457,Dior,thoughts,iann dior - thought it was (feat. Machine Gun Kelly & Travis Barker) (Official Audio)+I‚Äôm clearing my schedule for Thursday night so I can really enjoy this album,https://www.youtube.com//watch?v=MLkZpWCbnec&pp=ygUORGlvciB0aG91Z2h0cyA%3D,,0,
1431,Dior,price,"BREAKING NEWS: Dior's BIGGEST Price Rise EVER+In Singapore, the price for a medium size Lady Dior was SGD$8500 and currently sold at SGD$10000. I‚Äôm glad I got the bag in Blush, a few days before the price increased.",https://www.youtube.com//watch?v=XBUL6l8BZ1I&pp=ygULRGlvciBwcmljZSA%3D,,1,0
19668,Puma,popular,How The PUMA Suede Became a Cultural Icon+I really like these shoes! Classic! Some of Pumas new stuff is just way 2 colorful for most peoples liking ! I would rock a few of them if they didn't over due ! I think if Puma just stays in their lane and keeps classic colors -they all ball out big! Stay clean and classic ! No clown shoes and no clown suits! They have an amazing stripe and logo! EZ!,https://www.youtube.com//watch?v=mQoZo4AN7mU&pp=ygUNUHVtYSBwb3B1bGFyIA%3D%3D,,1,1
2262,Dior,opinions,"Dior Skin Care- Worth It?+Had been using Dior for 15 years and i love their capture totale series, essential one serum,  and most recent i like their rose serum.  wish it could be less costly and though the packaging is lovely but i feel it‚Äôs  not necessary.  what‚Äôs important is the products works",https://www.youtube.com//watch?v=CZbkWuDAdHw&pp=ygUORGlvciBvcGluaW9ucyA%3D,,1,1
11142,ASOS,popular,Shopping ASOS In Store vs. Online! * Which is better?! *+Love both these women Ô∏èÔ∏èÔ∏è,https://www.youtube.com//watch?v=XVUCuCutA8o&pp=ygUNQVNPUyBwb3B1bGFyIA%3D%3D,,0,
9014,ASOS,animal testing,Is animal testing reliable? Johns Hopkins professor answers+Stop animals testing.,https://www.youtube.com//watch?v=nVoPpuYsMUU&pp=ygUUQVNPUyBhbmltYWwgdGVzdGluZyA%3D,,1,1
8533,ASOS,consumerism,"Why China's Shein is beating ASOS, H&M and Zara at fast fashion+If y‚Äôall hate shein so much, then who‚Äôs buying? And why are they still growing? Are y‚Äôall just being dishonest or what?",https://www.youtube.com//watch?v=9XCKnN6o19k&pp=ygURQVNPUyBjb25zdW1lcmlzbSA%3D,,1,0
9161,ASOS,price,Is ASOS Stock a Buy Now? Down 87%!+Fair opinion on AVO200X now that a big brand is entering the scene I believe we can have big shifts at all markets not only the AMZ market,https://www.youtube.com//watch?v=6zBQwJQJK9U&pp=ygULQVNPUyBwcmljZSA%3D,,0,
19348,Versace,ethically sourced,"Inside Versace Home+Finally, Inga is back! A 00s Versace Icon",https://www.youtube.com//watch?v=7CkRsMmrUcI&pp=ygUaVmVyc2FjZSBldGhpY2FsbHkgc291cmNlZCA%3D,,0,
19009,Versace,trends,Versace Spring-Summer 2024 | Fashion Show | Versace+so nice that everyone is beautiful,https://www.youtube.com//watch?v=EgQ81SK1wfc&pp=ygUPVmVyc2FjZSB0cmVuZHMg,,1,1
4787,Forever 21,quality,Why Primark Is Thriving While Retailers Like Forever 21 Are Closing | WSJ The Economics Of+Literally never heard of Primark,https://www.youtube.com//watch?v=OiKGoOpLoLs&pp=ygUTRm9yZXZlciAyMSBxdWFsaXR5IA%3D%3D,,1,0
6706,Forever 21,thoughts,How I Would Completely Redesign Forever 21 (and Why It Failed)+Love this video,https://www.youtube.com//watch?v=0DlnO-gY5Wo&pp=ygUURm9yZXZlciAyMSB0aG91Z2h0cyA%3D,,1,1
17479,Versace,aesthetic,Versace House Party | The Pre-Fall 2020 Campaign+just perfect,https://www.youtube.com//watch?v=HXFkg0vwLpQ&pp=ygUSVmVyc2FjZSBhZXN0aGV0aWMg,,1,1
8153,ASOS,fast fashion,"Why is Fast Fashion Failing?+I do shop from ASOS, I like buying from their designer section, it‚Äôs cheaper than getting it directly from the designers sites and the quality is better, the pieces I get last ages and I make them a staple of my wardrobe, so it‚Äôs not all bad lol",https://www.youtube.com//watch?v=nz7FyaFJFl4&pp=ygUSQVNPUyBmYXN0IGZhc2hpb24g,,1,1
5870,Forever 21,haul,HUGE FOREVER 21 SUMMER TRY ON HAUL | trendy affordable clothes !+I believe my favorite shirt would have to be the one with the butterfly.,https://www.youtube.com//watch?v=jd3btUbpUCg&pp=ygUQRm9yZXZlciAyMSBoYXVsIA%3D%3D,,1,1
19355,Versace,ethically sourced,"Inside Versace Home+what is the aesthetic of the mature female lead called ?? It's giving bourbon weathered glamour, I love it",https://www.youtube.com//watch?v=7CkRsMmrUcI&pp=ygUaVmVyc2FjZSBldGhpY2FsbHkgc291cmNlZCA%3D,,1,1
2469,Dior,thoughts,iann dior - thought it was (feat. Machine Gun Kelly & Travis Barker) (Official Audio)+MGK can really sing foreall he‚Äôs got a great voice no matter what he does,https://www.youtube.com//watch?v=MLkZpWCbnec&pp=ygUORGlvciB0aG91Z2h0cyA%3D,,0,
8902,ASOS,quality,"ASOS Haul / why i don't shop there+I feel the exact same way about ASOS‚Äô decline in authenticity and originality. In 2015 I felt like I‚Äôd discovered the coolest online shop that made clothes that were bold and very daring, especially for menswear. They used to have a lot of cropped pieces and as you said, interesting cuts. It definitely has been a bit disappointing to see them lose that, along with the original customers who made them as big as they are today.",https://www.youtube.com//watch?v=SlYV6DTxg1A&pp=ygUNQVNPUyBxdWFsaXR5IA%3D%3D,,1,0
5507,Forever 21,worth it,Women Review Forever 21 Graphic Tees+I want a shirt that says 'I have better water pressure than you',https://www.youtube.com//watch?v=TrNOOb8Gy-w&pp=ygUURm9yZXZlciAyMSB3b3J0aCBpdCA%3D,,0,
17891,Versace,opinions,Should You Buy Versace The Dreamer in 2023 or Pass? | Honest Review+should buy absolutely,https://www.youtube.com//watch?v=Al0DgJ_AzcM&pp=ygURVmVyc2FjZSBvcGluaW9ucyA%3D,,1,1
16764,Versace,price,Inside Versace Home+It's like the resurrection of Roman Empire's glory.,https://www.youtube.com//watch?v=7CkRsMmrUcI&pp=ygUOVmVyc2FjZSBwcmljZSA%3D,,1,1
5720,Forever 21,haul,FOREVER 21 HAUL+I love Forever 21Ô∏èÔ∏è,https://www.youtube.com//watch?v=giUmT-Ob2jk&pp=ygUQRm9yZXZlciAyMSBoYXVsIA%3D%3D,,1,1
14540,Mango,popular,"Most Popular Mango Varieties from 2022+The land has yet to start waking up here, but I‚Äôm looking forward to seeing how our peach, apple, cherry, pear and apricot trees are coming along after this harsh winter we had. I‚Äôm hoping this year we get their first good crop! They‚Äôre a nice 6-8 feet tall.",https://www.youtube.com//watch?v=4dFIdg2iF0s&pp=ygUOTWFuZ28gcG9wdWxhciA%3D,,0,
13684,Mango,aesthetic,"Real Mango Milk ü•≠ü•õ+I was thinking of making this with the new mangos my mum got a few days ago but now that I wanna make it, the mangos are finished",https://www.youtube.com//watch?v=Kg-v9sN9whY&pp=ygUQTWFuZ28gYWVzdGhldGljIA%3D%3D,,0,
10612,ASOS,thoughts,MY FOLLOWERS CHOOSE MY BIRTHDAY OUTFITS FROM ASOS!+The 1st and last dress look the best on you,https://www.youtube.com//watch?v=IOC1Vps5THs&pp=ygUOQVNPUyB0aG91Z2h0cyA%3D,,1,1
15894,Versace,sustainable,Versace House Party | The Pre-Fall 2020 Campaign+This is superb.,https://www.youtube.com//watch?v=HXFkg0vwLpQ&pp=ygUUVmVyc2FjZSBzdXN0YWluYWJsZSA%3D,,1,1
5608,Forever 21,worth it,Forever 21 x Baby Phat Collection! IS IT WORTH IT???+I love the collection,https://www.youtube.com//watch?v=3nldN--R9YA&pp=ygUURm9yZXZlciAyMSB3b3J0aCBpdCA%3D,,1,1
10719,ASOS,thoughts,"ASOS ""Trending Now"" Clothing on 2 Different Body Types! [Size 2 vs Size 10]+MV r·∫•t hay, i like it",https://www.youtube.com//watch?v=qWScQbHE51w&pp=ygUOQVNPUyB0aG91Z2h0cyA%3D,,1,1
15659,Versace,sustainable,Versace in Miami | Boutique+AWESOME LINE OF HAUTE COUTURE...SUCH A SENSELESS LOSS,https://www.youtube.com//watch?v=NLsODXRiMVY&pp=ygUUVmVyc2FjZSBzdXN0YWluYWJsZSA%3D,,1,1
7985,ASOS,waste,"Why China's Shein is beating ASOS, H&M and Zara at fast fashion+I purchase anything but clothing from Shein. From my experience, their clothes do look nice online but feel cheap on hand. But Shein is a decent option for accessories and home or office supplies. And I like their shipping options.",https://www.youtube.com//watch?v=9XCKnN6o19k&pp=ygULQVNPUyB3YXN0ZSA%3D,,1,1
12820,Mango,price,"Why Miyazaki Mangoes Are So Expensive | So Expensive Food | Business Insider+I wonder how it taste with the mango that my grandmother has made grown in our place, it's called ""Forest Kassi Mango"" I've eaten 10+ variety of mangos, but our Mango taste so much better.",https://www.youtube.com//watch?v=MRyWyWIWhrc&pp=ygUMTWFuZ28gcHJpY2Ug,,0,
7828,ASOS,waste,"The environmental disaster fuelled by used clothes and fast fashion | Foreign Correspondent+After reading Overdressed by Elizabeth Cline, I had a cursory understanding of the Fast Fashion curse. But this was a real eye-opener. The textile and paper put so much pollution in the environment, and then to see people in Africa burning the unwanted clothes (including the synthetics) was hard to watch. I think we in the industrialized countries have so much work to do to solve or at least mitigate this problem.",https://www.youtube.com//watch?v=bB3kuuBPVys&pp=ygULQVNPUyB3YXN0ZSA%3D,,1,0
4488,Forever 21,consumerism,"Why Primark Is Thriving While Retailers Like Forever 21 Are Closing | WSJ The Economics Of+I've returned 90% of the clothes I bought online. It just doesn't work without feeling the fabric, seeing the fit. Unfortunately clothes are in store only for me. Not worth the hassle.",https://www.youtube.com//watch?v=OiKGoOpLoLs&pp=ygUXRm9yZXZlciAyMSBjb25zdW1lcmlzbSA%3D,,1,0
14957,Mango,ethically sourced,VISIONS of SUMMER | NATURAL ECHOES take over the SEASON | MANGO SS22+What the name of the music pleasee?,https://www.youtube.com//watch?v=ssvf_zzOFmw&pp=ygUYTWFuZ28gZXRoaWNhbGx5IHNvdXJjZWQg,,0,
7516,Forever 21,trends,Fall Trends Forever 21 Haul+I love the shirt that you are wearing in this video. I also love your eyeshadow in this video. Can you please do a tutorial please.,https://www.youtube.com//watch?v=7pSkDvSjMEg&pp=ygUSRm9yZXZlciAyMSB0cmVuZHMg,,1,1
10455,ASOS,opinions,"i tried ASOS 2 years later and it was...interesting | size 14/16 try-on!+Regarding the looseness at the front for boobacious girls (common problem), try a different shaped bra (not size, but shape). It makes a lot of difference. The shape really determines the support you get.",https://www.youtube.com//watch?v=ImfrR5FcH7A&pp=ygUOQVNPUyBvcGluaW9ucyA%3D,,0,
18041,Versace,opinions,"Top 5 BEST Versace Men's Fragrances Ever (According To Fragrantica)+Eau Fraiche smells great. But it's a bit too light and doesn't last that long. Blue Jeans surprised me how good it smells. The Dreamer, Dylan Blue, Oud Noir shift around in my top three.",https://www.youtube.com//watch?v=oSdLEYG-h3M&pp=ygURVmVyc2FjZSBvcGluaW9ucyA%3D,,1,1
4976,Forever 21,animal testing,"Animal Testing in 60 Seconds+this is so cruel  how would they enjoy doing that, i know they are animals but they still have a heart and a soul, they don‚Äôt deserve any of this they still have a life to enjoy, this is so hard to watch",https://www.youtube.com//watch?v=rYATRV6W4iA&pp=ygUaRm9yZXZlciAyMSBhbmltYWwgdGVzdGluZyA%3D,,1,0
10567,ASOS,thoughts,MY FOLLOWERS CHOOSE MY BIRTHDAY OUTFITS FROM ASOS!+Outfit 2 and the last one were my favorites,https://www.youtube.com//watch?v=IOC1Vps5THs&pp=ygUOQVNPUyB0aG91Z2h0cyA%3D,,1,1
15082,Versace,waste,"Luxury Fashion Is For Broke People+As a recovering designer bag shopper, I really enjoyed this video. And the comments made me rethink the definition of ""rich"". Thank you for this!",https://www.youtube.com//watch?v=FGDB22dpmwk&pp=ygUOVmVyc2FjZSB3YXN0ZSA%3D,,1,1
11624,ASOS,ethically sourced,why I'm starting to hate the sustainable fashion movement *let me explain*+The biggest problem with sustainable fashion youtube channels is that they can come off kinda sanctimonious and shamey while still contributing to unnecessary amounts of consumerism. A person shopping at a fast fashion store once a year and wearing everything they own is more sustainable than someone clearing out thrift stores every week just to wear an outfit once and let it rot in their closet.,https://www.youtube.com//watch?v=Td9rHaEQsQA&pp=ygUXQVNPUyBldGhpY2FsbHkgc291cmNlZCA%3D,,1,0
448,Dior,sustainable,The Dior Men's Summer 2023 Campaign+i think jimin video so i watching but not jimin uughh,https://www.youtube.com//watch?v=kW4ku9IAGiQ&pp=ygURRGlvciBzdXN0YWluYWJsZSA%3D,,0,
18569,Versace,comparison,Top 5 BEST Versace Men's Fragrances Ever (According To Fragrantica)+i love pour homme,https://www.youtube.com//watch?v=oSdLEYG-h3M&pp=ygUTVmVyc2FjZSBjb21wYXJpc29uIA%3D%3D,,1,1
18884,Versace,popular,Versace Spring-Summer 2023 Women‚Äôs | Fashion Show | Versace+donatella's been killing the game in the last few years. gianni must be so proud,https://www.youtube.com//watch?v=hoKDrFyQDy0&pp=ygUQVmVyc2FjZSBwb3B1bGFyIA%3D%3D,,1,1
19821,Puma,trends,These Fashion Trends Will DIE Soon+Saying Sambas gonna die out is the dumbest thing I¬¥ve heard today,https://www.youtube.com//watch?v=eYbxsu5YO2U&pp=ygUMUHVtYSB0cmVuZHMg,,1,1
10220,ASOS,opinions,"ASOS: are their clothes worth your money? «Ä Fashion haul but different «Ä Justine Leconte+While I agree with the concerns about ethics and quality, I believe that fit is another matter. We all have different body types and the sizing guide is usually a good predictor of the brand being a good fit for your particular body or not. The dresses were not from the tall range, so I find it unfair to say they‚Äôre not well tailored for not fitting a taller woman. I‚Äôm not a huge ASOS fan, but I think that one thing that makes them popular is having Tall, Petite and Plus size lines with a vast selection. They even have a small Full Bust section.",https://www.youtube.com//watch?v=OBCbEjnjhuY&pp=ygUOQVNPUyBvcGluaW9ucyA%3D,,1,0
5020,Forever 21,animal testing,Animal Testing in 60 Seconds+I refuse to buy products tested on animal now because of this. Animals were on this earth before us so why do humans believe it's ok to test on animals like this?,https://www.youtube.com//watch?v=rYATRV6W4iA&pp=ygUaRm9yZXZlciAyMSBhbmltYWwgdGVzdGluZyA%3D,,1,0
1733,Dior,worth it,WHY YOU NEED TO THINK BEFORE YOU BUY: Chanel vs Dior CLASSIC INVESTMENT BAGS+I love that you give history on the brands. It is essential to know why they exist!,https://www.youtube.com//watch?v=w6k8jj-kgeM&pp=ygUORGlvciB3b3J0aCBpdCA%3D,,1,1
8888,ASOS,quality,"ASOS: are their clothes worth your money? «Ä Fashion haul but different «Ä Justine Leconte+As a pear shaped body myself, it's really hard to find clothes that fit well, specially dresses and jumpsuits",https://www.youtube.com//watch?v=OBCbEjnjhuY&pp=ygUNQVNPUyBxdWFsaXR5IA%3D%3D,,1,0
7230,Forever 21,comparison,What ACTUALLY Fits a Size 12 at Forever 21?+I‚Äôve never seen more inconsistent sizing then I have at forever 21! I love the idea of shopping there but nothing ever fits!,https://www.youtube.com//watch?v=FbeHk_NroK8&pp=ygUWRm9yZXZlciAyMSBjb21wYXJpc29uIA%3D%3D,,1,0
12944,Mango,price,"Why ‚Äòcostliest mango‚Äô Miyazaki is protected by guards & dogs in MP+This is how the world works... Mangoes with lacs per kg, black salts and many many more examples of super expensive foods that posses no extra  or minimal health benefits.",https://www.youtube.com//watch?v=RbD_jXRUfig&pp=ygUMTWFuZ28gcHJpY2Ug,,0,
15222,Versace,waste,Why Is Versace So Expensive?+Man its not Versachee....its Versachae!,https://www.youtube.com//watch?v=DhKvLcvNjkI&pp=ygUOVmVyc2FjZSB3YXN0ZSA%3D,,0,
15861,Versace,sustainable,Versace House Party | The Pre-Fall 2020 Campaign+Thank you Versace for bringing Georgina Grenville back this was epic for 20 years!!!! I still have all those ads,https://www.youtube.com//watch?v=HXFkg0vwLpQ&pp=ygUUVmVyc2FjZSBzdXN0YWluYWJsZSA%3D,,1,1
7837,ASOS,waste,How ASOS became one of the world‚Äôs largest retailers | CNBC Explains+Been shopping ASOS products for years and I love their clothing.,https://www.youtube.com//watch?v=JAeqysT6Bxs&pp=ygULQVNPUyB3YXN0ZSA%3D,,1,1
6072,Forever 21,aesthetic,HUGE FOREVER 21 SUMMER TRY ON HAUL | trendy affordable clothes !+Only godly girls like you have the awesome style everyone loves!,https://www.youtube.com//watch?v=jd3btUbpUCg&pp=ygUVRm9yZXZlciAyMSBhZXN0aGV0aWMg,,1,1
7776,ASOS,waste,Never Waste Money Buying Clothes Online Again+Where did you get your army green hoodie at. I really like it,https://www.youtube.com//watch?v=ZjGLr06oU78&pp=ygULQVNPUyB3YXN0ZSA%3D,,1,1
10962,ASOS,comparison,The Best Quality Affordable Fashion Brands+Uniqlo u airism shirt in white is one of the most versatile pieces out there. A great introductory piece into oversized clothes,https://www.youtube.com//watch?v=yAjC2hmN6jc&pp=ygUQQVNPUyBjb21wYXJpc29uIA%3D%3D,,1,1
2105,Dior,aesthetic,Are you curious about Jisoo's secret of one-day lasting shining look?+JisooxDior love you,https://www.youtube.com//watch?v=FGbF6wg2pUQ&pp=ygUPRGlvciBhZXN0aGV0aWMg,,0,
1211,Dior,animal testing,Makeup Brands You Didn't Know Arent Cruelty Free+I thought this was going to be a list of brands that are out of my price range anyway but omg that's a lot of brands for 2020. Please do a part 2 or cruelty free skin care,https://www.youtube.com//watch?v=zhEW0kz6858&pp=ygUURGlvciBhbmltYWwgdGVzdGluZyA%3D,,1,1
4781,Forever 21,quality,"Why Primark Is Thriving While Retailers Like Forever 21 Are Closing | WSJ The Economics Of+This is insanity to me. I will never again shop in a store. I absolutely hate not finding my size, awkward dressing rooms, long ques to the register and all of that with a store full of other shopper. No thank you.",https://www.youtube.com//watch?v=OiKGoOpLoLs&pp=ygUTRm9yZXZlciAyMSBxdWFsaXR5IA%3D%3D,,1,0
5767,Forever 21,haul,Forever 21 Haul+really love your hauls blair! please continue doing them!,https://www.youtube.com//watch?v=gjent8cOhyM&pp=ygUQRm9yZXZlciAyMSBoYXVsIA%3D%3D,,0,
12562,Mango,animal testing,What If We Stopped Animal Testing?+We must work together to STOP animal testing! All animals need help in the stupid labs. I'm surching for every information to STOP animal abuse and animal testing ONCE AND FOR ALL!! RESPECT ANIMALS PEOPLE!,https://www.youtube.com//watch?v=nNKRgwHJumM&pp=ygUVTWFuZ28gYW5pbWFsIHRlc3Rpbmcg,,1,0
16458,Versace,animal testing,"Jaclyn Hill TESTED On Animals, Ariel Versace Has A PROBLEM!+I wish they would just stop with the remakes and make new character! Cast Halle as a character with a new and unique story!",https://www.youtube.com//watch?v=9BWRp213_ac&pp=ygUXVmVyc2FjZSBhbmltYWwgdGVzdGluZyA%3D,,1,0
18786,Versace,popular,"Reacting to Popular Men's Fragrances (Dior Sauvage, Versace Eros & More) | Courtney Ryan+i bought the versace eros one and really like how it smells on myself.  i get way better female feedback on the a&f one, but i don't really love to smell it for myself.  i smell like a frat boy poser.",https://www.youtube.com//watch?v=C7u3MTklaFg&pp=ygUQVmVyc2FjZSBwb3B1bGFyIA%3D%3D,,1,1
14273,Mango,comparison,What is Australia's BEST tasting Mango? 5 Variety Comparison Review+Come on dude that mango you called KP had a Calypso blush a KP does not have a red blush a ripe Honey Gold makes the rest taste bland.,https://www.youtube.com//watch?v=-qRJiAXe_SI&pp=ygURTWFuZ28gY29tcGFyaXNvbiA%3D,,1,0
1910,Dior,haul,"Luxury Haul: What I got for my 27th birthday üéÇ ü§ç | Chanel, Dior, Polene & more ‚ú®+New subbie, love your content",https://www.youtube.com//watch?v=J1rXMmaAazE&pp=ygUKRGlvciBoYXVsIA%3D%3D,,1,1
9446,ASOS,worth it,"ASOS: are their clothes worth your money? «Ä Fashion haul but different «Ä Justine Leconte+Justine, can you do a video on how to quickly tailor clothes to make them fit better. Sorry for the multiple comments.",https://www.youtube.com//watch?v=OBCbEjnjhuY&pp=ygUOQVNPUyB3b3J0aCBpdCA%3D,,0,
1567,Dior,worth it,DIOR did my Makeup: Was it worth the $$$? üò≥+So. Beautiful Ô∏è,https://www.youtube.com//watch?v=nluemmjSm_w&pp=ygUORGlvciB3b3J0aCBpdCA%3D,,1,1
3300,Dior,popular,Exploring Dior with JISOO+Here are some of Jisoo‚Äôs iconic lines: I‚Äôm Jisoo I‚Äôm okay and I love this color,https://www.youtube.com//watch?v=emzxrZAHWYo&pp=ygUNRGlvciBwb3B1bGFyIA%3D%3D,,1,1
19823,Puma,trends,"These Fashion Trends Will DIE Soon+Why would people wear what everyone else is doing? I see so many young girls with the same white shoes, same clothes. We call them teen zombies.",https://www.youtube.com//watch?v=eYbxsu5YO2U&pp=ygUMUHVtYSB0cmVuZHMg,,1,0
2400,Dior,opinions,"Dior Miss Dior Parfum 2024 Review | Worth The Hype?+I was unable to wear perfume until 3 years ago, so I don't know what the original smells like. I bought my first bottle of Miss Dior about 2 years ago directly from Dior. I bought the 2024 version directly from Dior about 2 weeks ago, and I think it smells very close to the bottle I got 2 years ago. I called the Dior boutique and asked the rep to check to make sure I had ordered the new version - lol. However, now that it has sat for a while, I am starting to smell the fruitiness more. It's a bit more airy.",https://www.youtube.com//watch?v=7Y42HhNc9DA&pp=ygUORGlvciBvcGluaW9ucyA%3D,,1,0
10803,ASOS,comparison,Shopping ASOS In Store vs. Online! * Which is better?! *+ASOS HAS A STORE AT THE LA GROVE LOCATION OPENED UP COUPLE MONTHS AGO,https://www.youtube.com//watch?v=XVUCuCutA8o&pp=ygUQQVNPUyBjb21wYXJpc29uIA%3D%3D,,0,
17102,Versace,worth it,"COACH to buy VERSACE* in an $8.5bn DEAL!+i love coach because I can afford it and the quality is so good, I love some of Versace's designs, especially their handbags the past few years but they are out of my budget. I hope they keep their style and quality. it would be a shame if that changed because Donatella is retiring.",https://www.youtube.com//watch?v=5eob0zftmJU&pp=ygURVmVyc2FjZSB3b3J0aCBpdCA%3D,,1,1
6982,Forever 21,comparison,The Weird World of Forever 21 Brand Collaborations+I‚Äôd love to see a ‚ÄúDressing like Rachel Green for a Week‚Äù video!,https://www.youtube.com//watch?v=1M9ydMrqy6k&pp=ygUWRm9yZXZlciAyMSBjb21wYXJpc29uIA%3D%3D,,0,
19352,Versace,ethically sourced,Inside Versace Home+Why are y'all making your music in garageband?  HAhahah you guys are crazy and I love it!,https://www.youtube.com//watch?v=7CkRsMmrUcI&pp=ygUaVmVyc2FjZSBldGhpY2FsbHkgc291cmNlZCA%3D,,0,
18300,Versace,comparison,FRAGRANCE COMPARISON | Part 1 | SimplyShaughnessy+Is  absolu long lasting?,https://www.youtube.com//watch?v=a_vPbQ5eHqc&pp=ygUTVmVyc2FjZSBjb21wYXJpc29uIA%3D%3D,,0,
12321,Mango,quality,"Why Miyazaki Mangoes Are So Expensive | So Expensive Food | Business Insider+Their hardwork and dedication into creating excellent product plus their innovation is really something,",https://www.youtube.com//watch?v=MRyWyWIWhrc&pp=ygUOTWFuZ28gcXVhbGl0eSA%3D,,0,
8536,ASOS,consumerism,"Why China's Shein is beating ASOS, H&M and Zara at fast fashion+Every family has that one person who will break the family's financial struggle, I hope you become the one",https://www.youtube.com//watch?v=9XCKnN6o19k&pp=ygURQVNPUyBjb25zdW1lcmlzbSA%3D,,0,
19315,Versace,ethically sourced,"Inside Versace Home+I loved, a trailer for the new season of American Horror Story: Fashion.",https://www.youtube.com//watch?v=7CkRsMmrUcI&pp=ygUaVmVyc2FjZSBldGhpY2FsbHkgc291cmNlZCA%3D,,0,
14719,Mango,trends,The Spring Edition | Trends of the Season with Julia Hobbs | MANGO+I really liked looks and Julia has a beautiful haircut and the color really suits her! Mango thanks for the video,https://www.youtube.com//watch?v=U7B_LZyg8xo&pp=ygUNTWFuZ28gdHJlbmRzIA%3D%3D,,1,1
4137,Forever 21,waste,"Women Try Forever 21's Business Casual Clothing+Looking at those pieces you can do buisness casual, but they just chose horrible outfits (for buisness casual). If you're wearing a croptop or no shirt, you are not buisness casual. If your blazer is longer than your skirt, you are not buisness casual",https://www.youtube.com//watch?v=do1n3z-SgoM&pp=ygURRm9yZXZlciAyMSB3YXN0ZSA%3D,,1,0
15135,Versace,waste,Why Is Versace So Expensive?+Versace designed beautiful prints and the fabrics are beautiful and very good silk fabrics are the best in show,https://www.youtube.com//watch?v=DhKvLcvNjkI&pp=ygUOVmVyc2FjZSB3YXN0ZSA%3D,,1,1
18000,Versace,opinions,Top 5 BEST Versace Men's Fragrances Ever (According To Fragrantica)+Pour Homme is the best all around. Any age can wear it and it can be worn in any scenario. To hands hands down it‚Äôs the goat. I love Eros EDP and Dylan Blue as well. I wear the dreamer pretty seldom.,https://www.youtube.com//watch?v=oSdLEYG-h3M&pp=ygURVmVyc2FjZSBvcGluaW9ucyA%3D,,1,1
5160,Forever 21,price,FOREVER 21 NO BUDGET SHOPPING SPREE!+Omg you definitely hit the jackpot sis. Everything was so cute. You looked amazing. Big hugs and good vibes from Colorado.,https://www.youtube.com//watch?v=pKL98qe3xLk&pp=ygURRm9yZXZlciAyMSBwcmljZSA%3D,,1,1
3289,Dior,popular,"Exploring Dior with JISOO+I love how Dior treat her. I can see how they love Jisoo, she is like thire daughter",https://www.youtube.com//watch?v=emzxrZAHWYo&pp=ygUNRGlvciBwb3B1bGFyIA%3D%3D,,0,
14337,Mango,comparison,"Mango Tree Comparison - Haden, Tommy Atkins, and Edward Variety+Edward is an excellent choice, but why anyone would plant a Haden or Tommy Atkins is beyond me.  Both are two of the worst varieties.",https://www.youtube.com//watch?v=NkmA3_Tkblo&pp=ygURTWFuZ28gY29tcGFyaXNvbiA%3D,,1,0
6014,Forever 21,aesthetic,Cool Girl Aesthetic üõçÔ∏è Forever 21 Try on & Haul+Went through two bottles of baby oil,https://www.youtube.com//watch?v=fbeBVq5dods&pp=ygUVRm9yZXZlciAyMSBhZXN0aGV0aWMg,,0,
14054,Mango,opinions,Shopping From Mango Online Shop: Expectation Vs.  Reality+Hello! i just want to ask how long it took for the delivery to arrive sa Philippines :),https://www.youtube.com//watch?v=9RlrYVQfl3o&pp=ygUPTWFuZ28gb3BpbmlvbnMg,,0,
18621,Versace,popular,Versace Eros 2012 | Fragrances+Esse perfume √© simplesmente perfeito!!,https://www.youtube.com//watch?v=gsPsM6YYrfY&pp=ygUQVmVyc2FjZSBwb3B1bGFyIA%3D%3D,,0,
8593,ASOS,consumerism,The Fashion Consumption Crisis‚Ä¶+My girlfriend and I were cleaning out our closet yesterday and discussing this a bit. We both agreed we‚Äôd be better off building a solid foundation of timeless essentials that embody our own personal styles and then adding some trendy pieces here and there in moderation.,https://www.youtube.com//watch?v=yU8EYs8Vzk0&pp=ygURQVNPUyBjb25zdW1lcmlzbSA%3D,,1,1
13002,Mango,price,Why ‚Äòcostliest mango‚Äô Miyazaki is protected by guards & dogs in MP+I've been to this farm. Very humble people.,https://www.youtube.com//watch?v=RbD_jXRUfig&pp=ygUMTWFuZ28gcHJpY2Ug,,0,
5317,Forever 21,price,"WORTH the HYPE?! Reviewing the Whole Forever 21 x Barneys Collection+I like the blazer and I like the grey sweater, but the prices are just too high for the climate.",https://www.youtube.com//watch?v=d6wiqVDH6fo&pp=ygURRm9yZXZlciAyMSBwcmljZSA%3D,,1,0
17363,Versace,haul,"VERSACE SHOPPING VLOG!!!! My Versace Christmas List!+I look forward to your shopping vlogs, I love them",https://www.youtube.com//watch?v=cC_W93bqvzM&pp=ygUNVmVyc2FjZSBoYXVsIA%3D%3D,,1,1
9217,ASOS,price,Is ASOS Stock a Buy Now? Down 87%!+Only buy AVO200X to survuve this bear market,https://www.youtube.com//watch?v=6zBQwJQJK9U&pp=ygULQVNPUyBwcmljZSA%3D,,0,
16641,Versace,animal testing,"Animal Testing in 60 Seconds+Dude everything about this is just pure awfulness. It was all cruel, but that picture with the decapitated cat really changed my mind about the whole animal testing thing. That was just disgusting. All of it is. How cold blooded can you be",https://www.youtube.com//watch?v=rYATRV6W4iA&pp=ygUXVmVyc2FjZSBhbmltYWwgdGVzdGluZyA%3D,,1,0
10392,ASOS,opinions,I Bought the WORST Selling ASOS Items+I love how she went out in the dress.  you go girl,https://www.youtube.com//watch?v=mCtI5r_wXKU&pp=ygUOQVNPUyBvcGluaW9ucyA%3D,,1,0
10854,ASOS,comparison,SIZE 6 vs SIZE 16 Try ON THE SAME OUTFITS!+I absolutely love Lucy's attitude to trying these outfits on - I find that even at Lucy's body curves (I'm an 18 and most of the outfits she tried were just like - 'Nope') - she was totally willing to go for it. Most of these outfits definitely suited Emily to a tea and she looks gorgeous in them. But I absolutely wholeheartedly agree with Lucy and her pain on 80% of these outfits - they're just not for curvier people and don't flatter her lovely figure. Gotta say though the first dress and the green dress ain't a vibe - but looked great on her! Would love to see Lucy's picks on her choice of outfits for her and Emily to try! xx,https://www.youtube.com//watch?v=mYrV95lOOh8&pp=ygUQQVNPUyBjb21wYXJpc29uIA%3D%3D,,1,0
2854,Dior,comparison,"MY LADY DIOR GUIDE: WHICH BAG TO BUY? REVIEWING 4 SIZE COMPARISONS, MOD SHOTS | WILLABELLE ONG+So happy that you started putting out content in yt!! Love your voice, it‚Äôs so calming!",https://www.youtube.com//watch?v=iatSwh40-2E&pp=ygUQRGlvciBjb21wYXJpc29uIA%3D%3D,,0,
17105,Versace,worth it,"COACH to buy VERSACE* in an $8.5bn DEAL!+Coach has big improvement on their style in recent years,  Hope they will improve versace too",https://www.youtube.com//watch?v=5eob0zftmJU&pp=ygURVmVyc2FjZSB3b3J0aCBpdCA%3D,,1,1
2465,Dior,thoughts,iann dior - thought it was (feat. Machine Gun Kelly & Travis Barker) (Official Audio)+I‚Äôm so proud of how far you came Iann,https://www.youtube.com//watch?v=MLkZpWCbnec&pp=ygUORGlvciB0aG91Z2h0cyA%3D,,0,
1164,Dior,animal testing,"Animal Testing in 60 Seconds+Really, we have found out medical advances with the help of animal testing to help humans lives. Hopefully we will find more alternatives to animal testing like the fake human skin and an aesthetic liver, which we have already created.",https://www.youtube.com//watch?v=rYATRV6W4iA&pp=ygUURGlvciBhbmltYWwgdGVzdGluZyA%3D,,1,1
13115,Mango,worth it,Why Miyazaki Mangoes Are So Expensive | So Expensive Food | Business Insider+There is a reason Miyazaki mangoes are so expensive. They are only available from select merchants in the Land Between for a huge amount of runes. They boost all your stats greatly for 30 minutes and persist on death so very useful for boss fights.,https://www.youtube.com//watch?v=MRyWyWIWhrc&pp=ygUPTWFuZ28gd29ydGggaXQg,,0,
4069,Forever 21,waste,The Decline of Forever 21...What Happened?+as someone who used to shop with forever 21 my two main gripes about them are their terrible exchange policy and their lack of awareness of what people are into,https://www.youtube.com//watch?v=wrKIrPWTag0&pp=ygURRm9yZXZlciAyMSB3YXN0ZSA%3D,,1,0
12621,Mango,animal testing,Animal testing alternatives+Poor animals,https://www.youtube.com//watch?v=9qSL9_nfQu0&pp=ygUVTWFuZ28gYW5pbWFsIHRlc3Rpbmcg,,1,0
5494,Forever 21,worth it,The Rise And Fall Of Forever 21+forever 21 is just turning into justice lmao,https://www.youtube.com//watch?v=YzcS4XYW6Is&pp=ygUURm9yZXZlciAyMSB3b3J0aCBpdCA%3D,,1,0
7303,Forever 21,popular,How Fashion Nova Took Over Forever 21+Why‚Äôs this video shadow banned? This is great,https://www.youtube.com//watch?v=-mUbIm8WO0s&pp=ygUTRm9yZXZlciAyMSBwb3B1bGFyIA%3D%3D,,0,
16550,Versace,animal testing,"Jaclyn Hill TESTED On Animals, Ariel Versace Has A PROBLEM!+I never that I see the day when a fictional character causes so an uproarÔ∏è",https://www.youtube.com//watch?v=9BWRp213_ac&pp=ygUXVmVyc2FjZSBhbmltYWwgdGVzdGluZyA%3D,,0,
18588,Versace,popular,Versace Eros 2012 | Fragrances+SA majetad sa majesty l'ordre tr√®s chers royaume le paradise dans les 4saisons se que je lui e offre somptueux SA majestad SA majesty l'ordre l√† bible e la fortune l'ordre,https://www.youtube.com//watch?v=gsPsM6YYrfY&pp=ygUQVmVyc2FjZSBwb3B1bGFyIA%3D%3D,,0,
5107,Forever 21,price,"Why Primark Is Thriving While Retailers Like Forever 21 Are Closing | WSJ The Economics Of+I love Primark, but I would love it more. If it was online, especially now they do house furniture it‚Äôs kind of hard to carry home in uk",https://www.youtube.com//watch?v=OiKGoOpLoLs&pp=ygURRm9yZXZlciAyMSBwcmljZSA%3D,,1,1
14912,Mango,ethically sourced,VISIONS of SUMMER | NATURAL ECHOES take over the SEASON | MANGO SS22+i'm literally obsessed with the music in the background. please share the name,https://www.youtube.com//watch?v=ssvf_zzOFmw&pp=ygUYTWFuZ28gZXRoaWNhbGx5IHNvdXJjZWQg,,0,
9603,ASOS,worth it,Is ASOS worth it? Men's Try-On Clothing Haul 2021 (WATCH BEFORE YOU BUY)+8:27 hell no,https://www.youtube.com//watch?v=2vBJpYU10UI&pp=ygUOQVNPUyB3b3J0aCBpdCA%3D,,1,0
13105,Mango,worth it,"Why Miyazaki Mangoes Are So Expensive | So Expensive Food | Business Insider+When I was growing up in Puerto Rico there were 7 mango trees in my back yard among other types of fruit like coconut, passionfruit,   limes, avocados, breadfruit etc... This is crazy that people sell these mangoes at such a high price. However,  if people pay for it others will sell it. Mangoes are delicious though and when you have them in abundance you kind of take it for granted.",https://www.youtube.com//watch?v=MRyWyWIWhrc&pp=ygUPTWFuZ28gd29ydGggaXQg,,0,
13365,Mango,haul,MANGO FAVOURITES+Thank you Lydia for this great video and YES for Massimo Dutti,https://www.youtube.com//watch?v=UR7tOUe_pKA&pp=ygULTWFuZ28gaGF1bCA%3D,,1,1
2329,Dior,opinions,My Unfiltered Opinions on Popular Fragrances | Rapid Reviews on Hyped Perfumes+UGH! Everything is compared to BBR540 I‚Äôm so done with that!!!! Sorry had to vent LOL,https://www.youtube.com//watch?v=dvLCM3_5AoQ&pp=ygUORGlvciBvcGluaW9ucyA%3D,,1,0
9725,ASOS,haul,"NEW IN SPRING HAUL- ASOS, ZARA, KURT GEIGER, RIIVER ISLAND & MORE!!+Happy Birthday. You look beautiful as always",https://www.youtube.com//watch?v=rX6qp1hFtd0&pp=ygUKQVNPUyBoYXVsIA%3D%3D,,0,
12275,Mango,quality,"Why Miyazaki Mangoes Are So Expensive | So Expensive Food | Business Insider+It‚Äôs really nice to know that if you have something you love to do in Japan like growing mango, and it‚Äôs your passion and you just keep working for it and keep the standards nice and high for your product, it can pay off very easily",https://www.youtube.com//watch?v=MRyWyWIWhrc&pp=ygUOTWFuZ28gcXVhbGl0eSA%3D,,0,
4985,Forever 21,animal testing,"Animal Testing in 60 Seconds+#STOPANIMALTESTING crew, who‚Äôs with meraise your hand in replies",https://www.youtube.com//watch?v=rYATRV6W4iA&pp=ygUaRm9yZXZlciAyMSBhbmltYWwgdGVzdGluZyA%3D,,1,0
9443,ASOS,worth it,ASOS: are their clothes worth your money? «Ä Fashion haul but different «Ä Justine Leconte+Really great video - I have never shopped from ASOS - I am so glad I saved my money - you must do this with more brands,https://www.youtube.com//watch?v=OBCbEjnjhuY&pp=ygUOQVNPUyB3b3J0aCBpdCA%3D,,1,0
11363,ASOS,popular,"TRYING ON VERY EXTRA DRESSES FROM ASOS!+asos has such pretty things, i wish it had a physical shop",https://www.youtube.com//watch?v=E66y-v43TdY&pp=ygUNQVNPUyBwb3B1bGFyIA%3D%3D,,1,1
839,Dior,quality,LADY DIOR UNBOXING GONE WRONG!!! | Quality Issues With This $5000 Bag+Wow! So sorry love. Definitely return it. Dior usually has amazing quality. It's probably just a one off. Definitely return it. I am sure they can find you one that is perfect.,https://www.youtube.com//watch?v=8EPZci3sVIQ&pp=ygUNRGlvciBxdWFsaXR5IA%3D%3D,,1,1
972,Dior,quality,A Bag I've Waited YEARS For! | Dior Handbag Unboxing & Quality Issues I Encountered+Love Lady Dior,https://www.youtube.com//watch?v=haUDrTOBDoM&pp=ygUNRGlvciBxdWFsaXR5IA%3D%3D,,1,1
3209,Dior,popular,"Are you curious about Jisoo's secret of one-day lasting shining look?+More than curious, intrigued",https://www.youtube.com//watch?v=FGbF6wg2pUQ&pp=ygUNRGlvciBwb3B1bGFyIA%3D%3D,,0,
5556,Forever 21,worth it,"Women Review Forever 21 Graphic Tees+""I have great water pressure at my house""",https://www.youtube.com//watch?v=TrNOOb8Gy-w&pp=ygUURm9yZXZlciAyMSB3b3J0aCBpdCA%3D,,0,
6738,Forever 21,thoughts,"How I Would Completely Redesign Forever 21 (and Why It Failed)+I remember once I was in the fitting room trying on some clothes and not gonna lie I took like 30 minutes but that‚Äôs because I was changing and trying to make up my mind if the price was really worth it , the people were like ‚Äúwhat is she doing in there she‚Äôs been there for a while ‚Äú while having other fitting rooms open so I wasn‚Äôt holding up the line or anything like that. Once I got out they were looking at me in a strange way like dude I ain‚Äôt stealing I don‚Äôt even got a big purse the fuck head assess",https://www.youtube.com//watch?v=0DlnO-gY5Wo&pp=ygUURm9yZXZlciAyMSB0aG91Z2h0cyA%3D,,1,0
19,Nike,waste,From Trash to Space Hippie | Behind the Design | Nike+better than this just think about all the air bladdders in shoes that are broken and all we need is a air bladder to fix our shoe. but u don't sell those. i forgot that makes u no money. u fool no one,https://www.youtube.com//watch?v=i3n_4-c1Rg8&pp=ygULTmlrZSB3YXN0ZSA%3D,,1,0
6407,Forever 21,opinions,"Why Did Forever 21 File For Bankruptcy?+My husband would always call forever 21, ‚Äúthe Halloween store‚Äù since he thought the clothes were so weird and ugly.",https://www.youtube.com//watch?v=DxlkvrbRvqI&pp=ygUURm9yZXZlciAyMSBvcGluaW9ucyA%3D,,1,0
4201,Forever 21,fast fashion,"Is it the end of ‚ÄúFast Fashion‚Äù? Topshop & Forever 21 are bankrupt «Ä  Justine Leconte+Pleeeease make a guide on the ""in-between options"".",https://www.youtube.com//watch?v=mCF1A6uc7jw&pp=ygUYRm9yZXZlciAyMSBmYXN0IGZhc2hpb24g,,0,
2266,Dior,opinions,"Dior Skin Care- Worth It?+""J'adore Dior"" dear. Buy me a serum for this tip if you get those six figures",https://www.youtube.com//watch?v=CZbkWuDAdHw&pp=ygUORGlvciBvcGluaW9ucyA%3D,,0,
11737,Mango,waste,How Vegan Leather Is Made From Mangoes | World Wide Waste+This is what we need .... So glad to see this .... Thankyou soo muchhhhh,https://www.youtube.com//watch?v=gAu0XGHpqco&pp=ygUMTWFuZ28gd2FzdGUg,,0,
11510,ASOS,trends,trying 2022 fashion trends & aesthetics+idk about anyone else but I can really see a dark version of balletcore becoming popular ü´†,https://www.youtube.com//watch?v=joC-DDT9Ik4&pp=ygUMQVNPUyB0cmVuZHMg,,0,
4463,Forever 21,sustainable,The Rise and Fall of Forever 21+Their materials used to be good with low prices but now I don't buy them anymore since their materials have gone down hill. Same goes with Old Navy too.,https://www.youtube.com//watch?v=gL0DirMwMcE&pp=ygUXRm9yZXZlciAyMSBzdXN0YWluYWJsZSA%3D,,1,0
19835,Puma,trends,These Fashion Trends Will DIE Soon+I love how all of a sudden Sambas and Asics are considered different. Makes no sense. Stg I got hasseled for wearing them in 2016 and now the same mfs are wearing them in 2023.,https://www.youtube.com//watch?v=eYbxsu5YO2U&pp=ygUMUHVtYSB0cmVuZHMg,,1,0
6350,Forever 21,opinions,Forever 21's dirty little secret+Look at other fashion companies. They do worse than this.,https://www.youtube.com//watch?v=uTW8pWKhYv8&pp=ygUURm9yZXZlciAyMSBvcGluaW9ucyA%3D,,1,1
18877,Versace,popular,"Reacting to Popular Men's Fragrances (Dior Sauvage, Versace Eros & More) | Courtney Ryan+Include in future reviews: Armani Acqua de Gio, Armani Code, Yves Saint Laurent La Nuit De L'Homme, Paco Rabanne Lucky and Invictus, Dior Homme Intense, Dolce & Gabanna K, and Dior Eau de Sauvage (original).",https://www.youtube.com//watch?v=C7u3MTklaFg&pp=ygUQVmVyc2FjZSBwb3B1bGFyIA%3D%3D,,0,
1368,Dior,price,"THE 15 ""CHEAPEST' DIOR BAGS & THE PRICE OF THE DIOR ICONS.+Thanks for the list. And including pictures",https://www.youtube.com//watch?v=VxdS4AlhxGg&pp=ygULRGlvciBwcmljZSA%3D,,0,
8747,ASOS,quality,"The Best Quality Affordable Fashion Brands+I have spent so much money in Arket and ended up hating the brand. Now it is a no go, together with Zara, just for the quality. Or lack thereof. From all those under h&m I think &other stories and cos have the better quality. I have had a couple of monki pieces that are indestructible.",https://www.youtube.com//watch?v=yAjC2hmN6jc&pp=ygUNQVNPUyBxdWFsaXR5IA%3D%3D,,1,1
2230,Dior,opinions,Dior Skin Care- Worth It?+I started using my mom's dior sorbet water mist ( she bought it but forgets to use it so someone's gotta use it  )and daaaamn it feels so good,https://www.youtube.com//watch?v=CZbkWuDAdHw&pp=ygUORGlvciBvcGluaW9ucyA%3D,,1,1
